Sheet,Rule ID,Implementation Status,Implementation Notes,Validation Status,Validation Notes
CMDB,CMDB-001,Built,Implemented in the CMDB rule packs (health/cmdb-*.js).,Not Tested,"Unit-tested (health-cmdb-completeness.test.js, health-cmdb-correctness.test.js, health-cmdb-quality.test.js, health-cross-domain-links.test.js, health-explain-budget.test.js, health-findings-population.test.js, health-itsm-foundation.test.js); no per-rule instance validation recorded."
CMDB,CMDB-002,Built,Implemented in the CMDB rule packs (health/cmdb-*.js).,Not Tested,Unit-tested (health-cmdb-quality.test.js); no per-rule instance validation recorded.
CMDB,CMDB-003,Built,Implemented in the CMDB rule packs (health/cmdb-*.js).,Not Tested,Unit-tested (health-cmdb-quality.test.js); no per-rule instance validation recorded.
CMDB,CMDB-004,Built,Implemented in the CMDB rule packs (health/cmdb-*.js).,Not Tested,"Unit-tested (health-cmdb-quality.test.js, health-custom-rules.test.js, health-rulebook-changes.test.js); no per-rule instance validation recorded."
CMDB,CMDB-005,Built,Implemented in the CMDB rule packs (health/cmdb-*.js).,Not Tested,Unit-tested (health-cmdb-quality.test.js); no per-rule instance validation recorded.
CMDB,CMDB-006,Built,Implemented in the CMDB rule packs (health/cmdb-*.js).,Not Tested,"Unit-tested (health-cmdb-completeness.test.js, health-cmdb-quality.test.js); no per-rule instance validation recorded."
CMDB,CMDB-007,Built,Implemented in the CMDB rule packs (health/cmdb-*.js).,Not Tested,Unit-tested (health-cmdb-quality.test.js); no per-rule instance validation recorded.
CMDB,CMDB-008,Built,Implemented in the CMDB rule packs (health/cmdb-*.js).,Not Tested,Unit-tested (health-cmdb-quality.test.js); no per-rule instance validation recorded.
CMDB,CMDB-009,Built,Implemented in the CMDB rule packs (health/cmdb-*.js).,Not Tested,No per-rule test or instance validation recorded.
CMDB,CMDB-010,Built,Implemented in the CMDB rule packs (health/cmdb-*.js).,Not Tested,Unit-tested (health-cmdb-quality.test.js); no per-rule instance validation recorded.
CMDB,CMDB-011,Built,Implemented in the CMDB rule packs (health/cmdb-*.js).,Not Tested,Unit-tested (health-cmdb-quality.test.js); no per-rule instance validation recorded.
CMDB,CMDB-012,Built,Implemented in the CMDB rule packs (health/cmdb-*.js).,Not Tested,"Unit-tested (health-cmdb-completeness.test.js, health-cmdb-drift.test.js, health-cmdb-identification.test.js, health-cmdb-quality.test.js, health-dimensions.test.js); no per-rule instance validation recorded."
CMDB,CMDB-013,Built,Implemented in the CMDB rule packs (health/cmdb-*.js).,Not Tested,"Unit-tested (health-cmdb-completeness.test.js, health-cmdb-drift.test.js, health-cmdb-quality.test.js); no per-rule instance validation recorded."
CMDB,CMDB-014,Built,Implemented in the CMDB rule packs (health/cmdb-*.js).,Not Tested,Unit-tested (health-cmdb-completeness.test.js); no per-rule instance validation recorded.
CMDB,CMDB-015,Built,Implemented in the CMDB rule packs (health/cmdb-*.js).,Not Tested,"Unit-tested (health-cmdb-completeness.test.js, health-itsm-closure.test.js); no per-rule instance validation recorded."
CMDB,CMDB-016,Built,Implemented in the CMDB rule packs (health/cmdb-*.js).,Not Tested,Unit-tested (health-cmdb-completeness.test.js); no per-rule instance validation recorded.
CMDB,CMDB-017,Built,Implemented in the CMDB rule packs (health/cmdb-*.js).,Not Tested,Unit-tested (health-cmdb-completeness.test.js); no per-rule instance validation recorded.
CMDB,CMDB-018,Built,Implemented in the CMDB rule packs (health/cmdb-*.js).,Not Tested,Unit-tested (health-cmdb-completeness.test.js); no per-rule instance validation recorded.
CMDB,CMDB-019,Built,Implemented in the CMDB rule packs (health/cmdb-*.js).,Not Tested,Unit-tested (health-cmdb-completeness.test.js); no per-rule instance validation recorded.
CMDB,CMDB-020,Built,Implemented in the CMDB rule packs (health/cmdb-*.js).,Not Tested,Unit-tested (health-cmdb-completeness.test.js); no per-rule instance validation recorded.
CMDB,CMDB-021,Built,Implemented in the CMDB rule packs (health/cmdb-*.js).,Not Tested,"Unit-tested (health-cmdb-completeness.test.js, health-cmdb-correctness.test.js, health-cmdb-quality.test.js); no per-rule instance validation recorded."
CMDB,CMDB-022,Built,Implemented in the CMDB rule packs (health/cmdb-*.js).,Not Tested,Unit-tested (health-cmdb-completeness.test.js); no per-rule instance validation recorded.
CMDB,CMDB-023,Built,Implemented in the CMDB rule packs (health/cmdb-*.js).,Not Tested,Unit-tested (health-cmdb-correctness.test.js); no per-rule instance validation recorded.
CMDB,CMDB-024,Built,Implemented in the CMDB rule packs (health/cmdb-*.js).,Not Tested,Unit-tested (health-cmdb-correctness.test.js); no per-rule instance validation recorded.
CMDB,CMDB-025,Built,Implemented in the CMDB rule packs (health/cmdb-*.js).,Not Tested,Unit-tested (health-cmdb-correctness.test.js); no per-rule instance validation recorded.
CMDB,CMDB-026,Built,Implemented in the CMDB rule packs (health/cmdb-*.js).,Not Tested,Unit-tested (health-cmdb-correctness.test.js); no per-rule instance validation recorded.
CMDB,CMDB-027,Built,Implemented in the CMDB rule packs (health/cmdb-*.js).,Not Tested,Unit-tested (health-cmdb-correctness.test.js); no per-rule instance validation recorded.
CMDB,CMDB-028,Built,Implemented in the CMDB rule packs (health/cmdb-*.js).,Not Tested,Unit-tested (health-cmdb-correctness.test.js); no per-rule instance validation recorded.
CMDB,CMDB-029,Built,Implemented in the CMDB rule packs (health/cmdb-*.js).,Not Tested,Unit-tested (health-cmdb-correctness.test.js); no per-rule instance validation recorded.
CMDB,CMDB-030,Built,Implemented in the CMDB rule packs (health/cmdb-*.js).,Not Tested,Unit-tested (health-cmdb-correctness.test.js); no per-rule instance validation recorded.
CMDB,CMDB-031,Built,Implemented in the CMDB rule packs (health/cmdb-*.js).,Not Tested,"Unit-tested (health-cmdb-correctness.test.js, health-dimensions.test.js); no per-rule instance validation recorded."
CMDB,CMDB-032,Built,Implemented in the CMDB rule packs (health/cmdb-*.js).,Not Tested,Unit-tested (health-cmdb-correctness.test.js); no per-rule instance validation recorded.
CMDB,CMDB-033,Built,Implemented in the CMDB rule packs (health/cmdb-*.js).,Not Tested,"Unit-tested (health-cmdb-quality.test.js, health-cmdb-uniqueness.test.js); no per-rule instance validation recorded."
CMDB,CMDB-034,Built,Implemented in the CMDB rule packs (health/cmdb-*.js).,Not Tested,Unit-tested (health-cmdb-uniqueness.test.js); no per-rule instance validation recorded.
CMDB,CMDB-035,Built,Implemented in the CMDB rule packs (health/cmdb-*.js).,Not Tested,"Unit-tested (health-cmdb-completeness.test.js, health-cmdb-quality.test.js, health-cmdb-uniqueness.test.js); no per-rule instance validation recorded."
CMDB,CMDB-036,Built,Implemented in the CMDB rule packs (health/cmdb-*.js).,Not Tested,"Unit-tested (health-cmdb-quality.test.js, health-cmdb-uniqueness.test.js); no per-rule instance validation recorded."
CMDB,CMDB-037,Built,Implemented in the CMDB rule packs (health/cmdb-*.js).,Not Tested,Unit-tested (health-cmdb-uniqueness.test.js); no per-rule instance validation recorded.
CMDB,CMDB-038,Built,Implemented in the CMDB rule packs (health/cmdb-*.js).,Not Tested,"Unit-tested (health-cmdb-drift.test.js, health-cmdb-quality.test.js, health-cmdb-uniqueness.test.js); no per-rule instance validation recorded."
CMDB,CMDB-039,Built,Implemented in the CMDB rule packs (health/cmdb-*.js).,Not Tested,"Unit-tested (health-cmdb-quality.test.js, health-cmdb-uniqueness.test.js); no per-rule instance validation recorded."
CMDB,CMDB-040,Built,Implemented in the CMDB rule packs (health/cmdb-*.js).,Not Tested,Unit-tested (health-cmdb-uniqueness.test.js); no per-rule instance validation recorded.
CMDB,CMDB-041,Built,Implemented in the CMDB rule packs (health/cmdb-*.js).,Not Tested,"Unit-tested (health-cmdb-quality.test.js, health-cmdb-uniqueness.test.js); no per-rule instance validation recorded."
CMDB,CMDB-042,Built,Implemented in the CMDB rule packs (health/cmdb-*.js).,Not Tested,Unit-tested (health-cmdb-uniqueness.test.js); no per-rule instance validation recorded.
CMDB,CMDB-043,Built,Implemented in the CMDB rule packs (health/cmdb-*.js).,Not Tested,Unit-tested (health-cmdb-uniqueness.test.js); no per-rule instance validation recorded.
CMDB,CMDB-044,Built,Implemented in the CMDB rule packs (health/cmdb-*.js).,Not Tested,"Unit-tested (health-cmdb-correctness.test.js, health-cmdb-identification.test.js); no per-rule instance validation recorded."
CMDB,CMDB-045,Built,Implemented in the CMDB rule packs (health/cmdb-*.js).,Not Tested,"Unit-tested (health-cmdb-correctness.test.js, health-cmdb-identification.test.js); no per-rule instance validation recorded."
CMDB,CMDB-046,Built,Implemented in the CMDB rule packs (health/cmdb-*.js).,Not Tested,"Unit-tested (health-cmdb-correctness.test.js, health-cmdb-drift.test.js, health-cmdb-identification.test.js, health-cmdb-quality.test.js); no per-rule instance validation recorded."
CMDB,CMDB-047,Built,Implemented in the CMDB rule packs (health/cmdb-*.js).,Not Tested,"Unit-tested (health-cmdb-identification.test.js, health-cmdb-quality.test.js); no per-rule instance validation recorded."
CMDB,CMDB-048,Built,Implemented in the CMDB rule packs (health/cmdb-*.js).,Not Tested,Unit-tested (health-cmdb-identification.test.js); no per-rule instance validation recorded.
CMDB,CMDB-049,Built,Implemented in the CMDB rule packs (health/cmdb-*.js).,Not Tested,Unit-tested (health-cmdb-identification.test.js); no per-rule instance validation recorded.
CMDB,CMDB-050,Built,Implemented in the CMDB rule packs (health/cmdb-*.js).,Not Tested,"Unit-tested (health-cmdb-identification.test.js, health-cmdb-quality.test.js); no per-rule instance validation recorded."
CMDB,CMDB-051,Built,Implemented in the CMDB rule packs (health/cmdb-*.js).,Not Tested,Unit-tested (health-cmdb-identification.test.js); no per-rule instance validation recorded.
CMDB,CMDB-052,Built,Implemented in the CMDB rule packs (health/cmdb-*.js).,Not Tested,Unit-tested (health-cmdb-identification.test.js); no per-rule instance validation recorded.
CMDB,CMDB-053,Built,Implemented in the CMDB rule packs (health/cmdb-*.js).,Not Tested,Unit-tested (health-cmdb-identification.test.js); no per-rule instance validation recorded.
CMDB,CMDB-054,Built,Implemented in the CMDB rule packs (health/cmdb-*.js).,Not Tested,Unit-tested (health-cmdb-identification.test.js); no per-rule instance validation recorded.
CMDB,CMDB-055,Built,Implemented in the CMDB rule packs (health/cmdb-*.js).,Not Tested,Unit-tested (health-cmdb-identification.test.js); no per-rule instance validation recorded.
CMDB,CMDB-056,Built,Implemented in the CMDB rule packs (health/cmdb-*.js).,Not Tested,"Unit-tested (health-cmdb-drift.test.js, health-cmdb-quality.test.js, health-cmdb-relationships.test.js); no per-rule instance validation recorded."
CMDB,CMDB-057,Built,Implemented in the CMDB rule packs (health/cmdb-*.js).,Not Tested,"Unit-tested (health-cmdb-correctness.test.js, health-cmdb-relationships.test.js); no per-rule instance validation recorded."
CMDB,CMDB-058,Built,Implemented in the CMDB rule packs (health/cmdb-*.js).,Not Tested,"Unit-tested (health-cmdb-drift.test.js, health-cmdb-quality.test.js, health-cmdb-relationships.test.js, health-cross-domain-links.test.js, health-rules.test.js); no per-rule instance validation recorded."
CMDB,CMDB-059,Built,Implemented in the CMDB rule packs (health/cmdb-*.js).,Not Tested,Unit-tested (health-cmdb-relationships.test.js); no per-rule instance validation recorded.
CMDB,CMDB-060,Built,Implemented in the CMDB rule packs (health/cmdb-*.js).,Not Tested,Unit-tested (health-cmdb-relationships.test.js); no per-rule instance validation recorded.
CMDB,CMDB-061,Built,Implemented in the CMDB rule packs (health/cmdb-*.js).,Not Tested,Unit-tested (health-cmdb-relationships.test.js); no per-rule instance validation recorded.
CMDB,CMDB-062,Built,Implemented in the CMDB rule packs (health/cmdb-*.js).,Not Tested,"Unit-tested (health-cmdb-relationships.test.js, health-rules.test.js); no per-rule instance validation recorded."
CMDB,CMDB-063,Built,Implemented in the CMDB rule packs (health/cmdb-*.js).,Not Tested,Unit-tested (health-cmdb-relationships.test.js); no per-rule instance validation recorded.
CMDB,CMDB-064,Built,Implemented in the CMDB rule packs (health/cmdb-*.js).,Not Tested,Unit-tested (health-cmdb-relationships.test.js); no per-rule instance validation recorded.
CMDB,CMDB-065,Built,Implemented in the CMDB rule packs (health/cmdb-*.js).,Not Tested,Unit-tested (health-cmdb-relationships.test.js); no per-rule instance validation recorded.
CMDB,CMDB-066,Built,Implemented in the CMDB rule packs (health/cmdb-*.js).,Not Tested,Unit-tested (health-cmdb-relationships.test.js); no per-rule instance validation recorded.
CMDB,CMDB-067,Built,Implemented in the CMDB rule packs (health/cmdb-*.js).,Not Tested,Unit-tested (health-cmdb-relationships.test.js); no per-rule instance validation recorded.
CMDB,CMDB-068,Built,Implemented in the CMDB rule packs (health/cmdb-*.js).,Not Tested,"Unit-tested (health-cmdb-correctness.test.js, health-cmdb-relationships.test.js); no per-rule instance validation recorded."
CMDB,CMDB-069,Built,Implemented in the CMDB rule packs (health/cmdb-*.js).,Not Tested,"Unit-tested (health-cmdb-relationships.test.js, health-rules.test.js); no per-rule instance validation recorded."
CMDB,CMDB-070,Built,Implemented in the CMDB rule packs (health/cmdb-*.js).,Not Tested,"Unit-tested (health-cmdb-correctness.test.js, health-cmdb-freshness.test.js, health-itom-catalogue.test.js); no per-rule instance validation recorded."
CMDB,CMDB-071,Built,Implemented in the CMDB rule packs (health/cmdb-*.js).,Not Tested,"Unit-tested (health-cmdb-freshness.test.js, health-itom-catalogue.test.js); no per-rule instance validation recorded."
CMDB,CMDB-072,Built,Implemented in the CMDB rule packs (health/cmdb-*.js).,Not Tested,Unit-tested (health-cmdb-freshness.test.js); no per-rule instance validation recorded.
CMDB,CMDB-073,Built,Implemented in the CMDB rule packs (health/cmdb-*.js).,Not Tested,Unit-tested (health-cmdb-freshness.test.js); no per-rule instance validation recorded.
CMDB,CMDB-074,Built,Implemented in the CMDB rule packs (health/cmdb-*.js).,Not Tested,Unit-tested (health-cmdb-freshness.test.js); no per-rule instance validation recorded.
CMDB,CMDB-075,Built,Implemented in the CMDB rule packs (health/cmdb-*.js).,Not Tested,Unit-tested (health-cmdb-freshness.test.js); no per-rule instance validation recorded.
CMDB,CMDB-076,Built,Implemented in the CMDB rule packs (health/cmdb-*.js).,Not Tested,Unit-tested (health-cmdb-freshness.test.js); no per-rule instance validation recorded.
CMDB,CMDB-077,Built,Implemented in the CMDB rule packs (health/cmdb-*.js).,Not Tested,Unit-tested (health-cmdb-freshness.test.js); no per-rule instance validation recorded.
CMDB,CMDB-078,Built,Implemented in the CMDB rule packs (health/cmdb-*.js).,Not Tested,Unit-tested (health-cmdb-freshness.test.js); no per-rule instance validation recorded.
CMDB,CMDB-079,Built,Implemented in the CMDB rule packs (health/cmdb-*.js).,Not Tested,Unit-tested (health-cmdb-freshness.test.js); no per-rule instance validation recorded.
CMDB,CMDB-080,Built,Implemented in the CMDB rule packs (health/cmdb-*.js).,Not Tested,"Unit-tested (health-cmdb-lifecycle.test.js, health-csdm-catalogue.test.js); no per-rule instance validation recorded."
CMDB,CMDB-081,Built,Implemented in the CMDB rule packs (health/cmdb-*.js).,Not Tested,Unit-tested (health-cmdb-lifecycle.test.js); no per-rule instance validation recorded.
CMDB,CMDB-082,Built,Implemented in the CMDB rule packs (health/cmdb-*.js).,Not Tested,Unit-tested (health-cmdb-lifecycle.test.js); no per-rule instance validation recorded.
CMDB,CMDB-083,Built,Implemented in the CMDB rule packs (health/cmdb-*.js).,Not Tested,Unit-tested (health-cmdb-lifecycle.test.js); no per-rule instance validation recorded.
CMDB,CMDB-084,Built,Implemented in the CMDB rule packs (health/cmdb-*.js).,Not Tested,Unit-tested (health-cmdb-lifecycle.test.js); no per-rule instance validation recorded.
CMDB,CMDB-085,Built,Implemented in the CMDB rule packs (health/cmdb-*.js).,Not Tested,"Unit-tested (health-cmdb-correctness.test.js, health-cmdb-lifecycle.test.js, health-cmdb-uniqueness.test.js); no per-rule instance validation recorded."
CMDB,CMDB-086,Built,Implemented in the CMDB rule packs (health/cmdb-*.js).,Not Tested,Unit-tested (health-cmdb-lifecycle.test.js); no per-rule instance validation recorded.
CMDB,CMDB-087,Built,Implemented in the CMDB rule packs (health/cmdb-*.js).,Not Tested,"Unit-tested (health-cmdb-correctness.test.js, health-cmdb-freshness.test.js, health-cmdb-lifecycle.test.js); no per-rule instance validation recorded."
CMDB,CMDB-088,Built,Implemented in the CMDB rule packs (health/cmdb-*.js).,Not Tested,Unit-tested (health-cmdb-lifecycle.test.js); no per-rule instance validation recorded.
CMDB,CMDB-089,Built,Implemented in the CMDB rule packs (health/cmdb-*.js).,Not Tested,Unit-tested (health-cmdb-lifecycle.test.js); no per-rule instance validation recorded.
CMDB,CMDB-090,Built,Implemented in the CMDB rule packs (health/cmdb-*.js).,Not Tested,"Unit-tested (health-cmdb-correctness.test.js, health-cmdb-governance.test.js, health-cmdb-lifecycle.test.js); no per-rule instance validation recorded."
CMDB,CMDB-091,Built,Implemented in the CMDB rule packs (health/cmdb-*.js).,Not Tested,"Unit-tested (health-cmdb-governance.test.js, health-cmdb-quality.test.js); no per-rule instance validation recorded."
CMDB,CMDB-092,Built,Implemented in the CMDB rule packs (health/cmdb-*.js).,Not Tested,Unit-tested (health-cmdb-governance.test.js); no per-rule instance validation recorded.
CMDB,CMDB-093,Built,Implemented in the CMDB rule packs (health/cmdb-*.js).,Not Tested,"Unit-tested (health-cmdb-governance.test.js, health-dimensions.test.js); no per-rule instance validation recorded."
CMDB,CMDB-094,Built,Implemented in the CMDB rule packs (health/cmdb-*.js).,Not Tested,Unit-tested (health-cmdb-governance.test.js); no per-rule instance validation recorded.
CMDB,CMDB-095,Built,Implemented in the CMDB rule packs (health/cmdb-*.js).,Not Tested,"Unit-tested (health-cmdb-completeness.test.js, health-cmdb-governance.test.js); no per-rule instance validation recorded."
CMDB,CMDB-096,Built,Implemented in the CMDB rule packs (health/cmdb-*.js).,Not Tested,"Unit-tested (health-cmdb-drift.test.js, health-cmdb-governance.test.js); no per-rule instance validation recorded."
CMDB,CMDB-097,Built,Implemented in the CMDB rule packs (health/cmdb-*.js).,Not Tested,Unit-tested (health-cmdb-governance.test.js); no per-rule instance validation recorded.
CMDB,CMDB-098,Built,Implemented in the CMDB rule packs (health/cmdb-*.js).,Not Tested,Unit-tested (health-cmdb-governance.test.js); no per-rule instance validation recorded.
CMDB,CMDB-099,Built,Implemented in the CMDB rule packs (health/cmdb-*.js).,Not Tested,Unit-tested (health-cmdb-governance.test.js); no per-rule instance validation recorded.
CMDB,CMDB-100,Built,Implemented in the CMDB rule packs (health/cmdb-*.js).,Not Tested,Unit-tested (health-cmdb-governance.test.js); no per-rule instance validation recorded.
CMDB,CMDB-101,Built,Implemented in the CMDB rule packs (health/cmdb-*.js).,Not Tested,"Unit-tested (health-cmdb-governance.test.js, health-cmdb-lifecycle.test.js); no per-rule instance validation recorded."
CMDB,CMDB-102,Built,Implemented in the CMDB rule packs (health/cmdb-*.js).,Not Tested,"Unit-tested (health-cmdb-ownership.test.js, health-csdm-catalogue.test.js, health-dimensions.test.js); no per-rule instance validation recorded."
CMDB,CMDB-103,Built,Implemented in the CMDB rule packs (health/cmdb-*.js).,Not Tested,"Unit-tested (health-cmdb-ownership.test.js, health-csdm-catalogue.test.js, health-dimensions.test.js); no per-rule instance validation recorded."
CMDB,CMDB-104,Built,Implemented in the CMDB rule packs (health/cmdb-*.js).,Not Tested,"Unit-tested (health-cmdb-ownership.test.js, health-cmdb-quality.test.js, health-dimensions.test.js); no per-rule instance validation recorded."
CMDB,CMDB-105,Built,Implemented in the CMDB rule packs (health/cmdb-*.js).,Not Tested,"Unit-tested (health-cmdb-ownership.test.js, health-cmdb-quality.test.js, health-dimensions.test.js, health-itsm-catalogue.test.js); no per-rule instance validation recorded."
CMDB,CMDB-106,Built,Implemented in the CMDB rule packs (health/cmdb-*.js).,Not Tested,"Unit-tested (health-cmdb-ownership.test.js, health-dimensions.test.js); no per-rule instance validation recorded."
CMDB,CMDB-107,Built,Implemented in the CMDB rule packs (health/cmdb-*.js).,Not Tested,"Unit-tested (health-cmdb-ownership.test.js, health-dimensions.test.js); no per-rule instance validation recorded."
CMDB,CMDB-108,Built,Implemented in the CMDB rule packs (health/cmdb-*.js).,Not Tested,"Unit-tested (health-cmdb-correctness.test.js, health-cmdb-ownership.test.js, health-dimensions.test.js); no per-rule instance validation recorded."
CMDB,CMDB-109,Built,Implemented in the CMDB rule packs (health/cmdb-*.js).,Not Tested,"Unit-tested (health-cmdb-completeness.test.js, health-cmdb-consumption.test.js, health-cmdb-csdm.test.js); no per-rule instance validation recorded."
CMDB,CMDB-110,Built,Implemented in the CMDB rule packs (health/cmdb-*.js).,Not Tested,"Unit-tested (health-cmdb-completeness.test.js, health-cmdb-consumption.test.js, health-cmdb-csdm.test.js, health-csdm-catalogue.test.js); no per-rule instance validation recorded."
CMDB,CMDB-111,Built,Implemented in the CMDB rule packs (health/cmdb-*.js).,Not Tested,"Unit-tested (health-cmdb-completeness.test.js, health-cmdb-csdm.test.js, health-csdm-catalogue.test.js); no per-rule instance validation recorded."
CMDB,CMDB-112,Built,Implemented in the CMDB rule packs (health/cmdb-*.js).,Not Tested,"Unit-tested (health-cmdb-completeness.test.js, health-cmdb-csdm.test.js, health-cmdb-quality.test.js, health-csdm-catalogue.test.js); no per-rule instance validation recorded."
CMDB,CMDB-113,Built,Implemented in the CMDB rule packs (health/cmdb-*.js).,Not Tested,"Unit-tested (health-cmdb-completeness.test.js, health-cmdb-consumption.test.js, health-cmdb-csdm.test.js, health-csdm-catalogue.test.js); no per-rule instance validation recorded."
CMDB,CMDB-114,Built,Implemented in the CMDB rule packs (health/cmdb-*.js).,Not Tested,"Unit-tested (health-cmdb-completeness.test.js, health-cmdb-consumption.test.js, health-cmdb-csdm.test.js, health-csdm-catalogue.test.js); no per-rule instance validation recorded."
CMDB,CMDB-115,Built,Implemented in the CMDB rule packs (health/cmdb-*.js).,Not Tested,"Unit-tested (health-cmdb-completeness.test.js, health-cmdb-csdm.test.js); no per-rule instance validation recorded."
CMDB,CMDB-116,Built,Implemented in the CMDB rule packs (health/cmdb-*.js).,Not Tested,Unit-tested (health-cmdb-consumption.test.js); no per-rule instance validation recorded.
CMDB,CMDB-117,Built,Implemented in the CMDB rule packs (health/cmdb-*.js).,Not Tested,"Unit-tested (health-cmdb-consumption.test.js, health-cmdb-quality.test.js, health-incremental.test.js); no per-rule instance validation recorded."
CMDB,CMDB-118,Built,Implemented in the CMDB rule packs (health/cmdb-*.js).,Not Tested,"Unit-tested (health-cmdb-consumption.test.js, health-cmdb-quality.test.js, health-incremental.test.js); no per-rule instance validation recorded."
CMDB,CMDB-119,Built,Implemented in the CMDB rule packs (health/cmdb-*.js).,Not Tested,Unit-tested (health-cmdb-consumption.test.js); no per-rule instance validation recorded.
CMDB,CMDB-120,Built,Implemented in the CMDB rule packs (health/cmdb-*.js).,Not Tested,"Unit-tested (health-cmdb-consumption.test.js, health-platform-catalogue.test.js); no per-rule instance validation recorded."
CMDB,CMDB-121,Built,Implemented in the CMDB rule packs (health/cmdb-*.js).,Not Tested,"Unit-tested (health-cmdb-completeness.test.js, health-cmdb-consumption.test.js, health-cmdb-quality.test.js, health-incremental.test.js); no per-rule instance validation recorded."
CMDB,CMDB-122,Built,Implemented in the CMDB rule packs (health/cmdb-*.js).,Not Tested,"Unit-tested (health-cmdb-completeness.test.js, health-cmdb-consumption.test.js); no per-rule instance validation recorded."
CMDB,CMDB-123,Built,Implemented in the CMDB rule packs (health/cmdb-*.js).,Not Tested,Unit-tested (health-cmdb-consumption.test.js); no per-rule instance validation recorded.
CMDB,CMDB-124,Built,Implemented in the CMDB rule packs (health/cmdb-*.js).,Not Tested,"Unit-tested (health-cmdb-scale.test.js, health-scopes.test.js); no per-rule instance validation recorded."
CMDB,CMDB-125,Built,Implemented in the CMDB rule packs (health/cmdb-*.js).,Not Tested,"Unit-tested (health-cmdb-drift.test.js, health-cmdb-scale.test.js); no per-rule instance validation recorded."
CMDB,CMDB-126,Built,Implemented in the CMDB rule packs (health/cmdb-*.js).,Not Tested,"Unit-tested (health-cmdb-completeness.test.js, health-cmdb-scale.test.js); no per-rule instance validation recorded."
CMDB,CMDB-127,Built,Implemented in the CMDB rule packs (health/cmdb-*.js).,Not Tested,Unit-tested (health-cmdb-scale.test.js); no per-rule instance validation recorded.
CMDB,CMDB-128,Built,Implemented in the CMDB rule packs (health/cmdb-*.js).,Not Tested,"Unit-tested (health-cmdb-drift.test.js, health-cmdb-scale.test.js, health-cmdb-stable-replay.test.js); no per-rule instance validation recorded."
CMDB,CMDB-129,Built,Implemented in the CMDB rule packs (health/cmdb-*.js).,Not Tested,Unit-tested (health-cmdb-scale.test.js); no per-rule instance validation recorded.
CMDB,CMDB-130,Built,Implemented in the CMDB rule packs (health/cmdb-*.js).,Not Tested,Unit-tested (health-cmdb-scale.test.js); no per-rule instance validation recorded.
CMDB,CMDB-131,Built,Implemented in the CMDB rule packs (health/cmdb-*.js).,Not Tested,"Unit-tested (health-cmdb-drift.test.js, health-cmdb-quality.test.js, health-cmdb-stable-replay.test.js); no per-rule instance validation recorded."
CMDB,CMDB-132,Built,Implemented in the CMDB rule packs (health/cmdb-*.js).,Not Tested,"Unit-tested (health-cmdb-drift.test.js, health-cmdb-stable-replay.test.js); no per-rule instance validation recorded."
CMDB,CMDB-133,Built,Implemented in the CMDB rule packs (health/cmdb-*.js).,Not Tested,Unit-tested (health-cmdb-drift.test.js); no per-rule instance validation recorded.
CMDB,CMDB-134,Built,Implemented in the CMDB rule packs (health/cmdb-*.js).,Not Tested,"Unit-tested (health-cmdb-completeness.test.js, health-cmdb-drift.test.js, health-cmdb-uniqueness.test.js); no per-rule instance validation recorded."
CMDB,CMDB-135,Built,Implemented in the CMDB rule packs (health/cmdb-*.js).,Not Tested,Unit-tested (health-cmdb-drift.test.js); no per-rule instance validation recorded.
CMDB,CMDB-136,Built,Implemented in the CMDB rule packs (health/cmdb-*.js).,Not Tested,Unit-tested (health-cmdb-drift.test.js); no per-rule instance validation recorded.
CMDB,CMDB-137,Built,Implemented in the CMDB rule packs (health/cmdb-*.js).,Not Tested,"Unit-tested (health-cmdb-drift.test.js, health-cmdb-stable-replay.test.js); no per-rule instance validation recorded."
CMDB,CMDB-138,Built,Implemented in the CMDB rule packs (health/cmdb-*.js).,Not Tested,Unit-tested (health-cmdb-drift.test.js); no per-rule instance validation recorded.
ITSM,ITSM-001,Built,Built on the aggregate engine (health/itsm/rules).,Tested on PDI,"dev424910.service-now.com 2026-09-17: evaluated, verdict pass, 0 finding(s), population 19 incident records"
ITSM,ITSM-002,Built,Built on the configuration engine (health/itsm/rules).,Tested on PDI,"dev424910.service-now.com 2026-09-17: evaluated, verdict fail, 1 finding(s), population 28 incident records"
ITSM,ITSM-003,Built,Built on the configuration engine (health/itsm/rules).,Tested on PDI,"dev424910.service-now.com 2026-09-17: evaluated, verdict fail, 1 finding(s), population 86 incident records"
ITSM,ITSM-004,Built,Built on the configuration engine (health/itsm/rules).,Not Tested,"dev424910.service-now.com 2026-09-17: unavailable — UNDEFINED: ""incident volume with no matching assignment rule at creation"" needs each active assignment rule's condition evaluated against each incident (a platf"
ITSM,ITSM-005,Built,Built on the configuration engine (health/itsm/rules).,Tested on PDI,"dev424910.service-now.com 2026-09-17: evaluated, verdict fail, 1 finding(s), population 86 incident records"
ITSM,ITSM-006,Built,Built on the configuration engine (health/itsm/rules).,Tested on PDI,"dev424910.service-now.com 2026-09-17: evaluated, verdict pass, 0 finding(s), population 4 incident records"
ITSM,ITSM-007,Built,Built on the configuration engine (health/itsm/rules).,Not Tested,"dev424910.service-now.com 2026-09-17: unavailable — object ""autoclose_configuration"" is not usable on this instance [stopped at: schema_verification]: ""autoclose_configuration"": autoclose_configuration: candidate"
ITSM,ITSM-008,Built,"Built on the aggregate engine; unconfigured until instance parameter value(s) are set: generic_values, catchall_share.",Not Tested,"dev424910.service-now.com 2026-09-17: unconfigured — parameter generic_values is UNCONFIGURED — the workbook gives no default and no instance override is set (workbook: ""Default 30% in one generic value"")"
ITSM,ITSM-009,Built,Built on the configuration engine (health/itsm/rules).,Tested on PDI,"dev424910.service-now.com 2026-09-17: evaluated, verdict fail, 1 finding(s), population 86 incident records"
ITSM,ITSM-010,Deferred,"Configured on the configuration engine; unavailable by declaration: object(s) ui_policy, data_policy not defined by the workbook or DECISIONS.md — candidate table sys_ui_policy, sys_data_policy2; the runner walks the DECISION 5 pipeline and answers UNAVAILABLE.",Not Tested,"dev424910.service-now.com 2026-09-17: unavailable — object ""ui_policy"" is not usable on this instance [stopped at: schema_verification]: ""ui_policy"": ui_policy: candidate sys_ui_policy exists but no expected fiel"
ITSM,ITSM-011,Built,Built on the configuration engine (health/itsm/rules).,Tested on PDI,"dev424910.service-now.com 2026-09-17: evaluated, verdict fail, 1 finding(s), population 367 notifications"
ITSM,ITSM-012,Built,Built on the configuration engine (health/itsm/rules).,Tested on PDI,"dev424910.service-now.com 2026-09-17: evaluated, verdict fail, 1 finding(s), population 13 configuration rows"
ITSM,ITSM-013,Built,Built on the configuration engine (health/itsm/rules).,Not Tested,"dev424910.service-now.com 2026-09-17: unconfigured — parameter custom_state_values is UNCONFIGURED — the workbook gives no default and no instance override is set (workbook: ""Any custom state absent from SLA condi"
ITSM,ITSM-014,Built,Built on the configuration engine (health/itsm/rules).,Not Tested,dev424910.service-now.com 2026-09-17: evaluated / inconclusive
ITSM,ITSM-015,Built,Built on the configuration engine (health/itsm/rules).,Not Tested,"dev424910.service-now.com 2026-09-17: unavailable — object ""knowledge_suggestion"" is not usable on this instance [stopped at: reader]: candidate cxs_table_config verified as usable, but no established reader exis"
ITSM,ITSM-016,Built,Built on the aggregate engine (health/itsm/rules).,Tested on PDI,"dev424910.service-now.com 2026-09-17: evaluated, verdict fail, 1 finding(s), population 19 incident records"
ITSM,ITSM-017,Built,Built on the aggregate engine (health/itsm/rules).,Tested on PDI,"dev424910.service-now.com 2026-09-17: evaluated, verdict fail, 1 finding(s), population 26 incident records"
ITSM,ITSM-018,Built,Built on the reference_integrity engine (health/itsm/rules).,Tested on PDI,"dev424910.service-now.com 2026-09-17: evaluated, verdict pass, 0 finding(s), population 21 incident records"
ITSM,ITSM-019,Built,Built on the reference_integrity engine (health/itsm/rules).,Not Tested,dev424910.service-now.com 2026-09-17: evaluated / inconclusive
ITSM,ITSM-020,Built,Built on the record_predicate engine (health/itsm/rules).,Tested on PDI,"dev424910.service-now.com 2026-09-17: evaluated, verdict fail, 1 finding(s), population 27 incident records"
ITSM,ITSM-021,Built,Built on the text_analysis engine (health/itsm/rules).,Tested on PDI,"dev424910.service-now.com 2026-09-17: evaluated, verdict pass, 0 finding(s), population 27 incident records"
ITSM,ITSM-022,Built,"Built on the reference_integrity engine; unconfigured until instance parameter value(s) are set: service_account_pattern, volume_threshold.",Not Tested,"dev424910.service-now.com 2026-09-17: unconfigured — parameter service_account_pattern, volume_threshold is UNCONFIGURED — the workbook gives no default and no instance override is set (workbook: ""Volume threshold"
ITSM,ITSM-023,Built,Built on the text_analysis engine; unconfigured until instance parameter value(s) are set: volume_share.,Not Tested,"dev424910.service-now.com 2026-09-17: unconfigured — parameter volume_share is UNCONFIGURED — the workbook gives no default and no instance override is set (workbook: ""Volume threshold configurable relative to tot"
ITSM,ITSM-024,Built,"Built on the aggregate engine; unconfigured until instance parameter value(s) are set: minimum_volume_per_category, anomaly_share.",Not Tested,"dev424910.service-now.com 2026-09-17: unconfigured — SPECIFICATION GAP: the workbook does not define the statistic behind ""pairs occurring far outside the expected joint distribution"" (within-category share vs exp"
ITSM,ITSM-025,Built,Built on the text_analysis engine; unconfigured until instance parameter value(s) are set: consistency_rules.,Not Tested,"dev424910.service-now.com 2026-09-17: unconfigured — parameter consistency_rules is UNCONFIGURED — the workbook gives no default and no instance override is set (workbook: ""Consistency rules per close code, derive"
ITSM,ITSM-026,Built,Built on the audit_history engine (health/itsm/rules).,Tested on PDI,"dev424910.service-now.com 2026-09-17: evaluated, verdict fail, 1 finding(s), population 27 incident records"
ITSM,ITSM-027,Built,Built on the temporal_correlation engine; unconfigured until instance parameter value(s) are set: timing_window.,Not Tested,"dev424910.service-now.com 2026-09-17: unconfigured — parameter timing_window is UNCONFIGURED — the workbook gives no default and no instance override is set (workbook: ""Timing window configurable"")"
ITSM,ITSM-028,Built,Built on the text_analysis engine (health/itsm/rules).,Not Tested,dev424910.service-now.com 2026-09-17: evaluated / inconclusive
ITSM,ITSM-029,Built,Built on the configuration engine (health/itsm/rules).,Tested on PDI,"dev424910.service-now.com 2026-09-17: evaluated, verdict pass, 0 finding(s), population 0 routing fields referenced by an active assignment rule"
ITSM,ITSM-030,Built,Built on the aggregate engine (health/itsm/rules).,Tested on PDI,"dev424910.service-now.com 2026-09-17: evaluated, verdict pass, 0 finding(s), population 81 incident records (summed over variants)"
ITSM,ITSM-031,Built,Built on the configuration engine (health/itsm/rules).,Not Tested,"dev424910.service-now.com 2026-09-17: unconfigured — parameter autoclose_closed_by is UNCONFIGURED — the workbook gives no default and no instance override is set (workbook: ""Default threshold 70%"")"
ITSM,ITSM-032,Built,Built on the aggregate engine (health/itsm/rules).,Tested on PDI,"dev424910.service-now.com 2026-09-17: evaluated, verdict pass, 0 finding(s), population 27 incident records"
ITSM,ITSM-033,Built,Built on the aggregate engine (health/itsm/rules).,Tested on PDI,"dev424910.service-now.com 2026-09-17: evaluated, verdict fail, 9 finding(s), population 80 task_sla records (summed over variants)"
ITSM,ITSM-034,Built,Built on the configuration engine (health/itsm/rules).,Not Tested,"dev424910.service-now.com 2026-09-17: unavailable — UNDEFINED: the estate-mean pause / cancel rate per group and the ""paused longer than active"" comparison need an aggregate over task_sla joined to the task's gro"
ITSM,ITSM-035,Deferred,"Configured on the temporal_correlation engine; unavailable by declaration: the interval before SLA expiry to examine, and the expected density it is compared against, are not defined — no engine mode exists for a resolution-time density spike.",Not Tested,"dev424910.service-now.com 2026-09-17: unavailable — UNDEFINED: the interval before SLA expiry to examine, and the expected density it is compared against, are not defined — no engine mode exists for a resolution-"
ITSM,ITSM-036,Built,Built on the record_predicate engine (health/itsm/rules).,Tested on PDI,"dev424910.service-now.com 2026-09-17: evaluated, verdict fail, 1 finding(s), population 35 incident records"
ITSM,ITSM-037,Built,"Built on the record_predicate engine; unconfigured until instance parameter value(s) are set: p1_age, p2_age, p3_age, p4_age, p5_age.",Tested on PDI,"dev424910.service-now.com 2026-09-17: evaluated, verdict fail, 3 finding(s), population 38 incident records (summed over variants)"
ITSM,ITSM-038,Built,Built on the temporal_correlation engine (health/itsm/rules).,Not Tested,"dev424910.service-now.com 2026-09-17: unavailable — table ""em_alert"" is not usable on this instance [stopped at: table_discovery]: em_alert: table discovery — em_alert is not on this instance (no sys_db_object ro"
ITSM,ITSM-039,Built,Built on the linkage engine (health/itsm/rules).,Not Tested,dev424910.service-now.com 2026-09-17: unavailable — capability PARTIAL: 1 of 2 field(s) missing on incident: problem_id
ITSM,ITSM-040,Built,"Built on the text_analysis engine; unconfigured until instance parameter value(s) are set: similarity, repeat_count.",Not Tested,"dev424910.service-now.com 2026-09-17: unconfigured — parameter similarity, repeat_count is UNCONFIGURED — the workbook gives no default and no instance override is set (workbook: ""Similarity threshold and repeat c"
ITSM,ITSM-041,Built,Built on the aggregate engine (health/itsm/rules).,Not Tested,dev424910.service-now.com 2026-09-17: evaluated / inconclusive
ITSM,ITSM-042,Built,Built on the record_predicate engine (health/itsm/rules).,Tested on PDI,"dev424910.service-now.com 2026-09-17: evaluated, verdict fail, 1 finding(s), population 59 incident records"
ITSM,ITSM-043,Built,Built on the record_predicate engine (health/itsm/rules).,Not Tested,dev424910.service-now.com 2026-09-17: evaluated / inconclusive
ITSM,ITSM-044,Built,Built on the record_predicate engine (health/itsm/rules).,Tested on PDI,"dev424910.service-now.com 2026-09-17: evaluated, verdict pass, 0 finding(s), population 27 incident records"
ITSM,ITSM-045,Deferred,Configured on the configuration engine; unavailable by declaration: object(s) major_incident not defined by the workbook or DECISIONS.md — candidate table none; the runner walks the DECISION 5 pipeline and answers UNAVAILABLE.,Not Tested,"dev424910.service-now.com 2026-09-17: unavailable — object ""major_incident"" is not usable on this instance [stopped at: candidate]: ""major_incident"": major_incident: no platform table is defined for this object ("
ITSM,ITSM-046,Deferred,"Configured on the linkage engine; unavailable by declaration: object(s) major_incident, communication_plan not defined by the workbook or DECISIONS.md — candidate table none, none; the runner walks the DECISION 5 pipeline and answers UNAVAILABLE.",Not Tested,"dev424910.service-now.com 2026-09-17: unavailable — object ""major_incident"" is not usable on this instance [stopped at: candidate]: ""major_incident"": major_incident: no platform table is defined for this object ("
ITSM,ITSM-047,Deferred,"Configured on the linkage engine; unavailable by declaration: object(s) major_incident, post_incident_review not defined by the workbook or DECISIONS.md — candidate table none, none; the runner walks the DECISION 5 pipeline and answers UNAVAILABLE.",Not Tested,"dev424910.service-now.com 2026-09-17: unavailable — object ""major_incident"" is not usable on this instance [stopped at: candidate]: ""major_incident"": major_incident: no platform table is defined for this object ("
ITSM,ITSM-048,Deferred,Configured on the linkage engine; unavailable by declaration: object(s) major_incident not defined by the workbook or DECISIONS.md — candidate table none; the runner walks the DECISION 5 pipeline and answers UNAVAILABLE.,Not Tested,"dev424910.service-now.com 2026-09-17: unavailable — object ""major_incident"" is not usable on this instance [stopped at: candidate]: ""major_incident"": major_incident: no platform table is defined for this object ("
ITSM,ITSM-049,Deferred,Configured on the record_predicate engine; unavailable by declaration: object(s) major_incident not defined by the workbook or DECISIONS.md — candidate table none; the runner walks the DECISION 5 pipeline and answers UNAVAILABLE.,Not Tested,"dev424910.service-now.com 2026-09-17: unavailable — object ""major_incident"" is not usable on this instance [stopped at: candidate]: ""major_incident"": major_incident: no platform table is defined for this object ("
ITSM,ITSM-050,Deferred,Configured on the audit_history engine; unavailable by declaration: object(s) major_incident not defined by the workbook or DECISIONS.md — candidate table none; the runner walks the DECISION 5 pipeline and answers UNAVAILABLE.,Not Tested,"dev424910.service-now.com 2026-09-17: unavailable — object ""major_incident"" is not usable on this instance [stopped at: candidate]: ""major_incident"": major_incident: no platform table is defined for this object ("
ITSM,ITSM-051,Deferred,Configured on the configuration engine; unavailable by declaration: object(s) major_incident not defined by the workbook or DECISIONS.md — candidate table none; the runner walks the DECISION 5 pipeline and answers UNAVAILABLE.,Not Tested,"dev424910.service-now.com 2026-09-17: unavailable — object ""major_incident"" is not usable on this instance [stopped at: candidate]: ""major_incident"": major_incident: no platform table is defined for this object ("
ITSM,ITSM-052,Deferred,Configured on the record_predicate engine; unavailable by declaration: object(s) post_incident_review not defined by the workbook or DECISIONS.md — candidate table none; the runner walks the DECISION 5 pipeline and answers UNAVAILABLE.,Not Tested,"dev424910.service-now.com 2026-09-17: unavailable — object ""post_incident_review"" is not usable on this instance [stopped at: candidate]: ""post_incident_review"": post_incident_review: no platform table is defined"
ITSM,ITSM-053,Built,Built on the aggregate engine (health/itsm/rules).,Tested on PDI,"dev424910.service-now.com 2026-09-17: evaluated, verdict pass, 0 finding(s), population 86 incident records"
ITSM,ITSM-054,Built,"Built on the text_analysis engine; unconfigured until instance parameter value(s) are set: similarity, cluster_volume.",Not Tested,"dev424910.service-now.com 2026-09-17: unconfigured — parameter similarity, cluster_volume is UNCONFIGURED — the workbook gives no default and no instance override is set (workbook: ""Cluster volume threshold and si"
ITSM,ITSM-055,Deferred,Configured on the linkage engine; unavailable by declaration: object(s) major_incident not defined by the workbook or DECISIONS.md — candidate table none; the runner walks the DECISION 5 pipeline and answers UNAVAILABLE.,Not Tested,"dev424910.service-now.com 2026-09-17: unavailable — object ""major_incident"" is not usable on this instance [stopped at: candidate]: ""major_incident"": major_incident: no platform table is defined for this object ("
ITSM,ITSM-056,Built,Built on the audit_history engine (health/itsm/rules).,Tested on PDI,"dev424910.service-now.com 2026-09-17: evaluated, verdict fail, 1 finding(s), population 15 problem records"
ITSM,ITSM-057,Built,Built on the linkage engine (health/itsm/rules).,Not Tested,dev424910.service-now.com 2026-09-17: unavailable — capability UNAVAILABLE: none of problem_id exist on incident
ITSM,ITSM-058,Built,"Built on the text_analysis engine; unconfigured until instance parameter value(s) are set: similarity, top_n.",Not Tested,"dev424910.service-now.com 2026-09-17: unconfigured — parameter similarity is UNCONFIGURED — the workbook gives no default and no instance override is set (workbook: ""N default 10; effort derived from resolution ti"
ITSM,ITSM-059,Built,Built on the aggregate engine; unconfigured until instance parameter value(s) are set: concentration_ratio.,Not Tested,"dev424910.service-now.com 2026-09-17: unconfigured — parameter concentration_ratio is UNCONFIGURED — the workbook gives no default and no instance override is set (workbook: ""Flag where Problem creation concentrat"
ITSM,ITSM-060,Built,Built on the linkage engine (health/itsm/rules).,Not Tested,dev424910.service-now.com 2026-09-17: unavailable — capability UNAVAILABLE: none of problem_id exist on incident
ITSM,ITSM-061,Built,Built on the audit_history engine (health/itsm/rules).,Tested on PDI,"dev424910.service-now.com 2026-09-17: evaluated, verdict fail, 1 finding(s), population 15 problem records"
ITSM,ITSM-062,Built,Built on the record_predicate engine (health/itsm/rules).,Tested on PDI,"dev424910.service-now.com 2026-09-17: evaluated, verdict fail, 1 finding(s), population 9 problem records"
ITSM,ITSM-063,Built,Built on the linkage engine (health/itsm/rules).,Not Tested,dev424910.service-now.com 2026-09-17: unavailable — capability PARTIAL: 1 of 2 field(s) missing on incident: problem_id
ITSM,ITSM-064,Built,Built on the linkage engine (health/itsm/rules).,Tested on PDI,"dev424910.service-now.com 2026-09-17: evaluated, verdict fail, 1 finding(s), population 9 problem records"
ITSM,ITSM-065,Built,Built on the reference_integrity engine (health/itsm/rules).,Tested on PDI,"dev424910.service-now.com 2026-09-17: evaluated, verdict pass, 0 finding(s), population 18 problem records (summed over variants)"
ITSM,ITSM-066,Built,Built on the linkage engine (health/itsm/rules).,Not Tested,"dev424910.service-now.com 2026-09-17: unavailable — object ""knowledge_link"" is not usable on this instance [stopped at: reader]: candidate m2m_kb_task verified as usable, but no established reader exists for ""kno"
ITSM,ITSM-067,Built,Built on the record_predicate engine (health/itsm/rules).,Tested on PDI,"dev424910.service-now.com 2026-09-17: evaluated, verdict fail, 1 finding(s), population 24 problem records"
ITSM,ITSM-068,Built,Built on the record_predicate engine (health/itsm/rules).,Tested on PDI,"dev424910.service-now.com 2026-09-17: evaluated, verdict fail, 1 finding(s), population 1 problem_task records"
ITSM,ITSM-069,Built,Built on the linkage engine (health/itsm/rules).,Not Tested,dev424910.service-now.com 2026-09-17: unavailable — capability PARTIAL: 1 of 2 field(s) missing on incident: problem_id
ITSM,ITSM-070,Built,Built on the text_analysis engine (health/itsm/rules).,Tested on PDI,"dev424910.service-now.com 2026-09-17: evaluated, verdict fail, 1 finding(s), population 8 problem records"
ITSM,ITSM-071,Built,Built on the text_analysis engine; unconfigured until instance parameter value(s) are set: root_cause_classification.,Not Tested,"dev424910.service-now.com 2026-09-17: unconfigured — parameter root_cause_classification is UNCONFIGURED — the workbook gives no default and no instance override is set (workbook: ""Root cause classification from c"
ITSM,ITSM-072,Built,Built on the audit_history engine (health/itsm/rules).,Tested on PDI,"dev424910.service-now.com 2026-09-17: evaluated, verdict pass, 0 finding(s), population 24 problem records"
ITSM,ITSM-073,Built,Built on the linkage engine; unconfigured until instance parameter value(s) are set: alignment_matrix.,Not Tested,"dev424910.service-now.com 2026-09-17: unconfigured — parameter alignment_matrix is UNCONFIGURED — the workbook gives no default and no instance override is set (workbook: ""Alignment matrix configurable"")"
ITSM,ITSM-074,Built,"Built on the temporal_correlation engine; unconfigured until instance parameter value(s) are set: window, decline_threshold.",Not Tested,"dev424910.service-now.com 2026-09-17: unconfigured — parameter decline_threshold is UNCONFIGURED — the workbook gives no default and no instance override is set (workbook: ""Window default 90 days either side. Flag"
ITSM,ITSM-075,Built,Built on the text_analysis engine (health/itsm/rules).,Tested on PDI,"dev424910.service-now.com 2026-09-17: evaluated, verdict fail, 1 finding(s), population 24 problem records"
ITSM,ITSM-076,Built,Built on the linkage engine (health/itsm/rules).,Not Tested,"dev424910.service-now.com 2026-09-17: unavailable — object ""knowledge_link"" is not usable on this instance [stopped at: reader]: candidate m2m_kb_task verified as usable, but no established reader exists for ""kno"
ITSM,ITSM-077,Built,Built on the composite engine (health/itsm/rules).,Not Tested,dev424910.service-now.com 2026-09-17: skipped — input ITSM-054 was unconfigured
ITSM,ITSM-078,Deferred,Configured on the linkage engine; unavailable by declaration: object(s) post_incident_review not defined by the workbook or DECISIONS.md — candidate table none; the runner walks the DECISION 5 pipeline and answers UNAVAILABLE.,Not Tested,"dev424910.service-now.com 2026-09-17: unavailable — object ""post_incident_review"" is not usable on this instance [stopped at: candidate]: ""post_incident_review"": post_incident_review: no platform table is defined"
ITSM,ITSM-079,Built,Built on the aggregate engine (health/itsm/rules).,Not Tested,dev424910.service-now.com 2026-09-17: unavailable — problem.close_code: no choice list on this instance (looked at problem → task)
ITSM,ITSM-080,Built,Built on the aggregate engine (health/itsm/rules).,Tested on PDI,"dev424910.service-now.com 2026-09-17: evaluated, verdict fail, 1 finding(s), population 109 change_request records"
ITSM,ITSM-081,Built,Built on the configuration engine (health/itsm/rules).,Not Tested,"dev424910.service-now.com 2026-09-17: unavailable — object ""approval_routing"" is not usable on this instance [stopped at: candidate]: ""approval_routing"": approval_routing: no platform table is defined for this ob"
ITSM,ITSM-082,Built,Built on the configuration engine (health/itsm/rules).,Not Tested,dev424910.service-now.com 2026-09-17: evaluated / inconclusive
ITSM,ITSM-083,Built,Built on the aggregate engine (health/itsm/rules).,Not Tested,dev424910.service-now.com 2026-09-17: evaluated / inconclusive
ITSM,ITSM-084,Built,Built on the configuration engine (health/itsm/rules).,Not Tested,"dev424910.service-now.com 2026-09-17: unavailable — object ""conflict_detection"" is not usable on this instance [stopped at: schema_verification]: ""conflict_detection"": conflict_detection: candidate conflict exist"
ITSM,ITSM-085,Built,Built on the configuration engine (health/itsm/rules).,Tested on PDI,"dev424910.service-now.com 2026-09-17: evaluated, verdict pass, 0 finding(s), population 2 presence check (summed over variants)"
ITSM,ITSM-086,Built,Built on the configuration engine (health/itsm/rules).,Not Tested,"dev424910.service-now.com 2026-09-17: unavailable — object ""approval_routing"" is not usable on this instance [stopped at: candidate]: ""approval_routing"": approval_routing: no platform table is defined for this ob"
ITSM,ITSM-087,Built,Built on the configuration engine (health/itsm/rules).,Not Tested,"dev424910.service-now.com 2026-09-17: unavailable — object ""change_model"" is not usable on this instance [stopped at: schema_verification]: ""change_model"": change_model: schema verification — 1 of 3 field(s) miss"
ITSM,ITSM-088,Built,Built on the reference_integrity engine (health/itsm/rules).,Not Tested,dev424910.service-now.com 2026-09-17: evaluated / inconclusive
ITSM,ITSM-089,Built,Built on the configuration engine (health/itsm/rules).,Not Tested,"dev424910.service-now.com 2026-09-17: unavailable — object ""standard_change_template"" is not usable on this instance [stopped at: schema_verification]: ""standard_change_template"": standard_change_template: candid"
ITSM,ITSM-090,Built,Built on the configuration engine (health/itsm/rules).,Tested on PDI,"dev424910.service-now.com 2026-09-17: evaluated, verdict pass, 0 finding(s), population 1 fields"
ITSM,ITSM-091,Built,Built on the configuration engine (health/itsm/rules).,Not Tested,"dev424910.service-now.com 2026-09-17: unavailable — object ""approval_routing"" is not usable on this instance [stopped at: candidate]: ""approval_routing"": approval_routing: no platform table is defined for this ob"
ITSM,ITSM-092,Built,Built on the configuration engine (health/itsm/rules).,Not Tested,"dev424910.service-now.com 2026-09-17: unavailable — object ""post_incident_review"" is not usable on this instance [stopped at: candidate]: ""post_incident_review"": post_incident_review: no platform table is defined"
ITSM,ITSM-093,Built,Built on the configuration engine (health/itsm/rules).,Not Tested,"dev424910.service-now.com 2026-09-17: unavailable — object ""change_calendar"" is not usable on this instance [stopped at: candidate]: ""change_calendar"": change_calendar: no platform table is defined for this objec"
ITSM,ITSM-094,Built,Built on the aggregate engine (health/itsm/rules).,Tested on PDI,"dev424910.service-now.com 2026-09-17: evaluated, verdict pass, 0 finding(s), population 109 change_request records"
ITSM,ITSM-095,Built,Built on the reference_integrity engine (health/itsm/rules).,Not Tested,dev424910.service-now.com 2026-09-17: evaluated / inconclusive
ITSM,ITSM-096,Built,Built on the record_predicate engine (health/itsm/rules).,Tested on PDI,"dev424910.service-now.com 2026-09-17: evaluated, verdict fail, 2 finding(s), population 33 change_request records (summed over variants)"
ITSM,ITSM-097,Built,Built on the record_predicate engine (health/itsm/rules).,Tested on PDI,"dev424910.service-now.com 2026-09-17: evaluated, verdict fail, 2 finding(s), population 33 change_request records (summed over variants)"
ITSM,ITSM-098,Built,Built on the record_predicate engine (health/itsm/rules).,Not Tested,"dev424910.service-now.com 2026-09-17: unconfigured — parameter risk_bands is UNCONFIGURED — the workbook gives no default and no instance override is set (workbook: ""Risk bands configurable"")"
ITSM,ITSM-099,Built,Built on the record_predicate engine (health/itsm/rules).,Tested on PDI,"dev424910.service-now.com 2026-09-17: evaluated, verdict fail, 1 finding(s), population 64 change_request records (summed over variants)"
ITSM,ITSM-100,Built,Built on the record_predicate engine (health/itsm/rules).,Tested on PDI,"dev424910.service-now.com 2026-09-17: evaluated, verdict fail, 2 finding(s), population 64 change_request records (summed over variants)"
ITSM,ITSM-101,Built,Built on the reference_integrity engine (health/itsm/rules).,Tested on PDI,"dev424910.service-now.com 2026-09-17: evaluated, verdict fail, 1 finding(s), population 70 change_request records"
ITSM,ITSM-102,Built,Built on the record_predicate engine (health/itsm/rules).,Tested on PDI,"dev424910.service-now.com 2026-09-17: evaluated, verdict fail, 2 finding(s), population 33 change_request records (summed over variants)"
ITSM,ITSM-103,Built,Built on the record_predicate engine (health/itsm/rules).,Tested on PDI,"dev424910.service-now.com 2026-09-17: evaluated, verdict fail, 2 finding(s), population 32 change_request records (summed over variants)"
ITSM,ITSM-104,Built,Built on the text_analysis engine; unconfigured until instance parameter value(s) are set: volume_share.,Not Tested,"dev424910.service-now.com 2026-09-17: unconfigured — parameter volume_share is UNCONFIGURED — the workbook gives no default and no instance override is set (workbook: ""Volume threshold configurable relative to cha"
ITSM,ITSM-105,Built,Built on the relationship_graph engine; unconfigured until instance parameter value(s) are set: scope_depth.,Not Tested,"dev424910.service-now.com 2026-09-17: unconfigured — parameter scope_depth is UNCONFIGURED — the workbook gives no default and no instance override is set (workbook: ""Scope inference from change type and CI relati"
ITSM,ITSM-106,Built,"Built on the temporal_correlation engine; unconfigured until instance parameter value(s) are set: object_classes, correlation_window.",Not Tested,"dev424910.service-now.com 2026-09-17: unconfigured — parameter object_classes, correlation_window is UNCONFIGURED — the workbook gives no default and no instance override is set (workbook: ""Scope to change-control"
ITSM,ITSM-107,Built,Built on the aggregate engine (health/itsm/rules).,Tested on PDI,"dev424910.service-now.com 2026-09-17: evaluated, verdict fail, 2 finding(s), population 218 change_request records (summed over variants)"
ITSM,ITSM-108,Built,Built on the record_predicate engine (health/itsm/rules).,Tested on PDI,"dev424910.service-now.com 2026-09-17: evaluated, verdict fail, 1 finding(s), population 77 change_request records"
ITSM,ITSM-109,Built,Built on the linkage engine (health/itsm/rules).,Tested on PDI,"dev424910.service-now.com 2026-09-17: evaluated, verdict fail, 1 finding(s), population 103 change_request records"
ITSM,ITSM-110,Deferred,Configured on the linkage engine; unavailable by declaration: object(s) approval_routing not defined by the workbook or DECISIONS.md — candidate table none; the runner walks the DECISION 5 pipeline and answers UNAVAILABLE.,Not Tested,"dev424910.service-now.com 2026-09-17: unavailable — object ""approval_routing"" is not usable on this instance [stopped at: candidate]: ""approval_routing"": approval_routing: no platform table is defined for this ob"
ITSM,ITSM-111,Built,Built on the record_predicate engine (health/itsm/rules).,Tested on PDI,"dev424910.service-now.com 2026-09-17: evaluated, verdict fail, 1 finding(s), population 4 change_request records (summed over variants)"
ITSM,ITSM-112,Built,Built on the temporal_correlation engine (health/itsm/rules).,Not Tested,dev424910.service-now.com 2026-09-17: unavailable — 1 schedule(s) could not be expanded: Software Blackout : schedule has no time_zone (floating) — cannot place its spans on the UTC timeline
ITSM,ITSM-113,Built,Built on the aggregate engine (health/itsm/rules).,Tested on PDI,"dev424910.service-now.com 2026-09-17: evaluated, verdict fail, 7 finding(s), population 60 change_request records (summed over variants)"
ITSM,ITSM-114,Built,Built on the linkage engine; unconfigured until instance parameter value(s) are set: backout_task_type.,Not Tested,"dev424910.service-now.com 2026-09-17: unconfigured — parameter backout_task_type is UNCONFIGURED — the workbook gives no default and no instance override is set (workbook: ""Any occurrence"")"
ITSM,ITSM-115,Built,Built on the temporal_correlation engine (health/itsm/rules).,Not Tested,"dev424910.service-now.com 2026-09-17: unconfigured — parameter dependency_depth is UNCONFIGURED — the workbook gives no default and no instance override is set (workbook: ""Window default 72 hours. CI correlation i"
ITSM,ITSM-116,Built,Built on the linkage engine (health/itsm/rules).,Tested on PDI,"dev424910.service-now.com 2026-09-17: evaluated, verdict fail, 1 finding(s), population 109 change_request records"
ITSM,ITSM-117,Deferred,Configured on the composite engine; unavailable by declaration: object(s) standard_change_template not defined by the workbook or DECISIONS.md — candidate table std_change_producer_version; the runner walks the DECISION 5 pipeline and answers UNAVAILABLE.,Not Tested,"dev424910.service-now.com 2026-09-17: unavailable — object ""standard_change_template"" is not usable on this instance [stopped at: schema_verification]: ""standard_change_template"": standard_change_template: schema"
ITSM,ITSM-118,Built,Built on the record_predicate engine (health/itsm/rules).,Not Tested,"dev424910.service-now.com 2026-09-17: unavailable — object ""conflict_detection"" is not usable on this instance [stopped at: schema_verification]: ""conflict_detection"": conflict_detection: candidate conflict exist"
ITSM,ITSM-119,Built,Built on the record_predicate engine (health/itsm/rules).,Tested on PDI,"dev424910.service-now.com 2026-09-17: evaluated, verdict fail, 1 finding(s), population 109 change_request records"
ITSM,ITSM-120,Built,Built on the audit_history engine (health/itsm/rules).,Tested on PDI,"dev424910.service-now.com 2026-09-17: evaluated, verdict pass, 0 finding(s), population 218 change_request records (summed over variants)"
ITSM,ITSM-121,Built,Built on the aggregate engine (health/itsm/rules).,Tested on PDI,"dev424910.service-now.com 2026-09-17: evaluated, verdict pass, 0 finding(s), population 66 sysapproval_approver records"
ITSM,ITSM-122,Built,Built on the configuration engine (health/itsm/rules).,Not Tested,"dev424910.service-now.com 2026-09-17: unavailable — object ""post_incident_review"" is not usable on this instance [stopped at: candidate]: ""post_incident_review"": post_incident_review: no platform table is defined"
ITSM,ITSM-123,Built,Built on the temporal_correlation engine (health/itsm/rules).,Tested on PDI,"dev424910.service-now.com 2026-09-17: evaluated, verdict pass, 0 finding(s), population 11 incident records"
ITSM,ITSM-124,Built,Built on the composite engine (health/itsm/rules).,Tested on PDI,"dev424910.service-now.com 2026-09-17: evaluated, verdict pass, 0 finding(s), population 1 input rules"
ITSM,ITSM-125,Built,Built on the composite engine (health/itsm/rules).,Tested on PDI,"dev424910.service-now.com 2026-09-17: evaluated, verdict pass, 0 finding(s), population 1 input rules"
ITSM,ITSM-126,Built,Built on the relationship_graph engine (health/itsm/rules).,Not Tested,"dev424910.service-now.com 2026-09-17: unconfigured — parameter depth, critical_values is UNCONFIGURED — the workbook gives no default and no instance override is set (workbook: ""Traversal depth configurable"")"
ITSM,ITSM-127,Built,Built on the temporal_correlation engine (health/itsm/rules).,Not Tested,"dev424910.service-now.com 2026-09-17: unconfigured — parameter freeze_schedule_type is UNCONFIGURED — the workbook gives no default and no instance override is set (workbook: ""Requires freeze periods to be defined"
ITSM,ITSM-128,Built,Built on the linkage engine (health/itsm/rules).,Not Tested,"dev424910.service-now.com 2026-09-17: unconfigured — parameter close_codes is UNCONFIGURED — the workbook gives no default and no instance override is set (workbook: ""Close code set configurable"")"
ITSM,ITSM-129,Built,Built on the composite engine; unconfigured until instance parameter value(s) are set: problem_reference_threshold.,Not Tested,"dev424910.service-now.com 2026-09-17: unconfigured — parameter problem_reference_threshold is UNCONFIGURED — the workbook gives no default and no instance override is set (workbook: ""Per-process thresholds; fires "
ITSM,ITSM-130,Built,Built on the relationship_graph engine (health/itsm/rules).,Tested on PDI,"dev424910.service-now.com 2026-09-17: evaluated, verdict fail, 16 finding(s), population 26 incident records referencing a CI"
ITSM,ITSM-131,Built,Built on the relationship_graph engine; unconfigured until instance parameter value(s) are set: depth_threshold.,Not Tested,"dev424910.service-now.com 2026-09-17: unconfigured — parameter depth_threshold is UNCONFIGURED — the workbook gives no default and no instance override is set (workbook: ""Depth threshold configurable"")"
ITSM,ITSM-132,Deferred,Configured on the composite engine; unavailable by declaration: the ITOM cause (ITOM-147) that a CI's staleness must trace to — the ITOM catalogue is not in scope.,Not Tested,dev424910.service-now.com 2026-09-17: unavailable — UNDEFINED: the ITOM cause (ITOM-147) that a CI's staleness must trace to — the ITOM catalogue is not in scope — not in the workbook and not in DECISIONS.md; rep
ITSM,ITSM-133,Built,Built on the linkage engine; unconfigured until instance parameter value(s) are set: volume_threshold.,Not Tested,"dev424910.service-now.com 2026-09-17: unconfigured — parameter volume_threshold is UNCONFIGURED — the workbook gives no default and no instance override is set (workbook: ""Volume threshold relative to the service "
ITSM,ITSM-134,Built,Built on the composite engine (health/itsm/rules).,Tested on PDI,"dev424910.service-now.com 2026-09-17: evaluated, verdict pass, 0 finding(s), population 3 input rules"
ITSM,ITSM-135,Built,"Built on the aggregate engine; unconfigured until instance parameter value(s) are set: minimum_volume_per_ci, dominance_share.",Not Tested,"dev424910.service-now.com 2026-09-17: unconfigured — parameter minimum_volume_per_ci, dominance_share is UNCONFIGURED — the workbook gives no default and no instance override is set (workbook: ""Dominance threshold"
ITSM,ITSM-136,Built,Built on the reference_integrity engine (health/itsm/rules).,Not Tested,dev424910.service-now.com 2026-09-17: evaluated / inconclusive
ITSM,ITSM-137,Built,Built on the configuration engine (health/itsm/rules).,Not Tested,dev424910.service-now.com 2026-09-17: unavailable — UNDEFINED: how an SLA definition is scoped to a service (parsing contract_sla.start_condition for a service reference) is not defined — not in the workbook and 
ITSM,ITSM-138,Built,Built on the configuration engine (health/itsm/rules).,Not Tested,"dev424910.service-now.com 2026-09-17: unavailable — object ""conflict_detection"" is not usable on this instance [stopped at: schema_verification]: ""conflict_detection"": conflict_detection: candidate conflict exist"
ITSM,ITSM-139,Built,Built on the reference_integrity engine (health/itsm/rules).,Not Tested,dev424910.service-now.com 2026-09-17: evaluated / inconclusive
ITOM,ITOM-001,Built,"The same condition as CMDB-071, evaluated there and counted once (D-019).",Not Tested,"Unit-tested (health-custom-rules.test.js, health-itom-catalogue.test.js); no per-rule instance validation recorded."
ITOM,ITOM-002,Built,"The same condition as CMDB-070, evaluated there and counted once (D-019).",Not Tested,Unit-tested (health-itom-catalogue.test.js); no per-rule instance validation recorded.
ITOM,ITOM-003,Built,Built on the configuration engine (health/itom/rules).,Tested on PDI,"techsnitchpvtltddemo2.service-now.com 2026-09-27 (non-customer instance, read-only): evaluated, verdict fail, 1 finding(s), population 84 locations. Unit-tested (health-itom.test.js); no per-rule instance validation recorded."
ITOM,ITOM-004,Built,Built on the record_predicate engine (health/itom/rules).,Tested on PDI,"techsnitchpvtltddemo2.service-now.com 2026-09-27 (non-customer instance, read-only): evaluated, verdict fail, 1 finding(s), population 4 discovery_schedule records. Unit-tested (health-itom-catalogue.test.js); no per-rule instance validation recorded."
ITOM,ITOM-005,Deferred,"Configured on the configuration engine; specification gap: ""still live"" — the workbook asks for evidence (recent incidents, recent events, or non-stale CIs from another source) but gives no window for ""recent"" and no staleness test for ""non-stale"".",Not Tested,"techsnitchpvtltddemo2.service-now.com 2026-09-27 (non-customer instance, read-only): unconfigured (specification_gap). No per-rule test or instance validation recorded."
ITOM,ITOM-006,Built,Built on the configuration engine (health/itom/rules).,Tested on PDI,"techsnitchpvtltddemo2.service-now.com 2026-09-27 (non-customer instance, read-only): evaluated, verdict fail, 1 finding(s), population 3 schedules. Unit-tested (health-itom-catalogue.test.js); no per-rule instance validation recorded."
ITOM,ITOM-007,Built,Built on the configuration engine (health/itom/rules).,Tested on PDI,"techsnitchpvtltddemo2.service-now.com 2026-09-27 (non-customer instance, read-only): evaluated, verdict pass, 0 finding(s), population 3 schedules. Unit-tested (health-itom-catalogue.test.js); no per-rule instance validation recorded."
ITOM,ITOM-008,Deferred,"Configured on the aggregate engine; unavailable by declaration: ""connection-level failures"" — the workbook names the error class but not how a device-history outcome is classified as one.",Not Tested,"techsnitchpvtltddemo2.service-now.com 2026-09-27 (non-customer instance, read-only): unavailable (undefined_dependency). No per-rule test or instance validation recorded."
ITOM,ITOM-009,Built,Built on the configuration engine (health/itom/rules).,Tested on PDI,"techsnitchpvtltddemo2.service-now.com 2026-09-27 (non-customer instance, read-only): evaluated, verdict fail, 1 finding(s), population 1 discovery ranges. Unit-tested (health-itom-catalogue.test.js); no per-rule instance validation recorded."
ITOM,ITOM-010,Built,Built on the configuration engine (health/itom/rules).,Tested on PDI,"techsnitchpvtltddemo2.service-now.com 2026-09-27 (non-customer instance, read-only): evaluated, verdict pass, 0 finding(s), population 1 ranges on active schedules. Unit-tested (health-itom-catalogue.test.js); no per-rule instance validation recorded."
ITOM,ITOM-011,Built,Built on the configuration engine (health/itom/rules).,Tested on PDI,"techsnitchpvtltddemo2.service-now.com 2026-09-27 (non-customer instance, read-only): evaluated, verdict fail, 1 finding(s), population 4 active schedules. Unit-tested (health-itom-catalogue.test.js); no per-rule instance validation recorded."
ITOM,ITOM-012,Deferred,Configured on the configuration engine; unavailable by declaration: the MID capability profile (host specification or observed throughput) the concurrency settings are judged against — the workbook gives no derivation.,Not Tested,"techsnitchpvtltddemo2.service-now.com 2026-09-27 (non-customer instance, read-only): unavailable (undefined_dependency). No per-rule test or instance validation recorded."
ITOM,ITOM-013,Built,Built on the temporal_correlation engine (health/itom/rules).,Not Tested,"techsnitchpvtltddemo2.service-now.com 2026-09-27 (non-customer instance, read-only): unavailable (capability). Unit-tested (health-itom-catalogue.test.js); no per-rule instance validation recorded."
ITOM,ITOM-014,Built,Built on the record_predicate engine (health/itom/rules).,Not Tested,"techsnitchpvtltddemo2.service-now.com 2026-09-27 (non-customer instance, read-only): unavailable (undefined_table). No per-rule test or instance validation recorded."
ITOM,ITOM-015,Deferred,"Configured on the aggregate engine; unavailable by declaration: per-credential authentication outcomes per range per day: the platform records a credential affinity on SUCCESS, but no table the workbook names records each failed attempt against the credential tried.",Not Tested,"techsnitchpvtltddemo2.service-now.com 2026-09-27 (non-customer instance, read-only): unavailable (undefined_dependency). No per-rule test or instance validation recorded."
ITOM,ITOM-016,Deferred,"Configured on the configuration engine; unavailable by declaration: a device-type inference from port signatures and partial classification — the workbook names the idea, not the signature → type mapping.",Not Tested,"techsnitchpvtltddemo2.service-now.com 2026-09-27 (non-customer instance, read-only): unavailable (undefined_dependency). No per-rule test or instance validation recorded."
ITOM,ITOM-017,Deferred,"Configured on the temporal_correlation engine; unavailable by declaration: per-credential authentication outcomes per range per day: the platform records a credential affinity on SUCCESS, but no table the workbook names records each failed attempt against the credential tried.",Not Tested,"techsnitchpvtltddemo2.service-now.com 2026-09-27 (non-customer instance, read-only): unavailable (undefined_dependency). Unit-tested (health-cmdb-quality.test.js, health-itsm-catalogue.test.js); no per-rule instance validation recorded."
ITOM,ITOM-018,Deferred,"Configured on the reference_integrity engine; unavailable by declaration: ""schedule credential references"" — a discovery schedule does not reference credentials on the platform (credentials apply by type, tag and MID), and the workbook defines no other reference.",Not Tested,"techsnitchpvtltddemo2.service-now.com 2026-09-27 (non-customer instance, read-only): unavailable (undefined_dependency). No per-rule test or instance validation recorded."
ITOM,ITOM-019,Built,Built on the configuration engine; unconfigured until instance parameter value(s) are set: window.,Not Tested,"techsnitchpvtltddemo2.service-now.com 2026-09-27 (non-customer instance, read-only): unconfigured (unconfigured_parameter). No per-rule test or instance validation recorded."
ITOM,ITOM-020,Built,Built on the configuration engine (health/itom/rules).,Not Tested,"techsnitchpvtltddemo2.service-now.com 2026-09-27 (non-customer instance, read-only): unavailable (read). Unit-tested (health-itom-catalogue.test.js); no per-rule instance validation recorded."
ITOM,ITOM-021,Deferred,"Configured on the configuration engine; unavailable by declaration: the credential privilege classification — ""configurable"", no default, and the account-role source is not named.",Not Tested,"techsnitchpvtltddemo2.service-now.com 2026-09-27 (non-customer instance, read-only): unavailable (undefined_dependency). No per-rule test or instance validation recorded."
ITOM,ITOM-022,Deferred,"Configured on the configuration engine; unavailable by declaration: the size of a credential's applies-to scope as an address space — credentials scope by MID and tag, not by range, and the workbook does not say how to size it.",Not Tested,"techsnitchpvtltddemo2.service-now.com 2026-09-27 (non-customer instance, read-only): unavailable (undefined_dependency). No per-rule test or instance validation recorded."
ITOM,ITOM-023,Deferred,"Configured on the configuration engine; unavailable by declaration: a device-type inference from port signatures and partial classification — the workbook names the idea, not the signature → type mapping.",Not Tested,"techsnitchpvtltddemo2.service-now.com 2026-09-27 (non-customer instance, read-only): unavailable (undefined_dependency). No per-rule test or instance validation recorded."
ITOM,ITOM-024,Deferred,"Configured on the configuration engine; unavailable by declaration: owned by PLT-139 (ownership OWN-005, proposed owner PLT-139): the vault condition is evaluated once, in the Platform catalogue (Phase 6).",Not Tested,"techsnitchpvtltddemo2.service-now.com 2026-09-27 (non-customer instance, read-only): unavailable (undefined_dependency). No per-rule test or instance validation recorded."
ITOM,ITOM-025,Built,Built on the record_predicate engine; unconfigured until instance parameter value(s) are set: rotation_period.,Not Tested,"techsnitchpvtltddemo2.service-now.com 2026-09-27 (non-customer instance, read-only): unconfigured (unconfigured_parameter). Unit-tested (health-itom-catalogue.test.js); no per-rule instance validation recorded."
ITOM,ITOM-026,Built,Built on the record_predicate engine (health/itom/rules).,Tested on PDI,"techsnitchpvtltddemo2.service-now.com 2026-09-27 (non-customer instance, read-only): evaluated, verdict fail, 1 finding(s), population 27 discovery_credentials records. No per-rule test or instance validation recorded."
ITOM,ITOM-027,Built,Built on the configuration engine (health/itom/rules).,Not Tested,"techsnitchpvtltddemo2.service-now.com 2026-09-27 (non-customer instance, read-only): unavailable (read). No per-rule test or instance validation recorded."
ITOM,ITOM-028,Built,Built on the aggregate engine (health/itom/rules).,Tested on PDI,"techsnitchpvtltddemo2.service-now.com 2026-09-27 (non-customer instance, read-only): evaluated, verdict fail, 1 finding(s), population 58 discovery_device_history records. Unit-tested (health-itom-catalogue.test.js); no per-rule instance validation recorded."
ITOM,ITOM-029,Built,Built on the configuration engine (health/itom/rules).,Not Tested,"techsnitchpvtltddemo2.service-now.com 2026-09-27 (non-customer instance, read-only): evaluated / inconclusive. No per-rule test or instance validation recorded."
ITOM,ITOM-030,Built,Built on the aggregate engine (health/itom/rules).,Tested on PDI,"techsnitchpvtltddemo2.service-now.com 2026-09-27 (non-customer instance, read-only): evaluated, verdict fail, 1 finding(s), population 58 discovery_device_history records. Unit-tested (health-itom-catalogue.test.js); no per-rule instance validation recorded."
ITOM,ITOM-031,Built,Built on the aggregate engine (health/itom/rules).,Tested on PDI,"techsnitchpvtltddemo2.service-now.com 2026-09-27 (non-customer instance, read-only): evaluated, verdict pass, 0 finding(s), population 58 discovery_device_history records. Unit-tested (health-itom-catalogue.test.js); no per-rule instance validation recorded."
ITOM,ITOM-032,Built,Built on the configuration engine; unconfigured until instance parameter value(s) are set: window.,Not Tested,"techsnitchpvtltddemo2.service-now.com 2026-09-27 (non-customer instance, read-only): unconfigured (unconfigured_parameter). No per-rule test or instance validation recorded."
ITOM,ITOM-033,Built,Built on the configuration engine; unconfigured until instance parameter value(s) are set: window.,Not Tested,"techsnitchpvtltddemo2.service-now.com 2026-09-27 (non-customer instance, read-only): unconfigured (unconfigured_parameter). No per-rule test or instance validation recorded."
ITOM,ITOM-034,Deferred,"Configured on the aggregate engine; unavailable by declaration: the classification of a device outcome or log entry as a ""timeout"" — not defined.",Not Tested,"techsnitchpvtltddemo2.service-now.com 2026-09-27 (non-customer instance, read-only): unavailable (undefined_dependency). No per-rule test or instance validation recorded."
ITOM,ITOM-035,Deferred,"Configured on the linkage engine; unavailable by declaration: ""completing exploration"" apart from the CI it produces — verified on a real instance (Phase 5E): exploration is recorded only by the CI written (cmdb_ci), so ""explored but no CI"" cannot be told apart from ""not explored"".",Not Tested,"techsnitchpvtltddemo2.service-now.com 2026-09-27 (non-customer instance, read-only): unavailable (undefined_dependency). No per-rule test or instance validation recorded."
ITOM,ITOM-036,Built,Built on the record_predicate engine; unconfigured until instance parameter value(s) are set: max_age.,Not Tested,"techsnitchpvtltddemo2.service-now.com 2026-09-27 (non-customer instance, read-only): unconfigured (unconfigured_parameter). No per-rule test or instance validation recorded."
ITOM,ITOM-037,Built,Built on the record_predicate engine; unconfigured until instance parameter value(s) are set: max_lag.,Not Tested,"techsnitchpvtltddemo2.service-now.com 2026-09-27 (non-customer instance, read-only): unconfigured (unconfigured_parameter). No per-rule test or instance validation recorded."
ITOM,ITOM-038,Deferred,"Configured on the aggregate engine; specification gap: ""trending up"" — the workbook requires 5 runs but defines neither the error class nor the test that makes a series a rising trend.",Not Tested,"techsnitchpvtltddemo2.service-now.com 2026-09-27 (non-customer instance, read-only): unconfigured (specification_gap). No per-rule test or instance validation recorded."
ITOM,ITOM-039,Built,Built on the configuration engine (health/itom/rules).,Tested on PDI,"techsnitchpvtltddemo2.service-now.com 2026-09-27 (non-customer instance, read-only): evaluated, verdict fail, 1 finding(s), population 5 cancelled runs. Unit-tested (health-itom-catalogue.test.js); no per-rule instance validation recorded."
ITOM,ITOM-040,Built,Built on the aggregate engine; unconfigured until instance parameter value(s) are set: max_rows.,Not Tested,"techsnitchpvtltddemo2.service-now.com 2026-09-27 (non-customer instance, read-only): unconfigured (unconfigured_parameter). No per-rule test or instance validation recorded."
ITOM,ITOM-041,Deferred,Configured on the aggregate engine; object not yet verified: the platform object(s) pattern_execution are not established on a verified instance.,Not Tested,"techsnitchpvtltddemo2.service-now.com 2026-09-27 (non-customer instance, read-only): unavailable (undefined_object). No per-rule test or instance validation recorded."
ITOM,ITOM-042,Deferred,Configured on the aggregate engine; object not yet verified: the platform object(s) pattern_execution are not established on a verified instance.,Not Tested,"techsnitchpvtltddemo2.service-now.com 2026-09-27 (non-customer instance, read-only): unavailable (undefined_object). No per-rule test or instance validation recorded."
ITOM,ITOM-043,Deferred,Configured on the aggregate engine; object not yet verified: the platform object(s) pattern_execution are not established on a verified instance.,Not Tested,"techsnitchpvtltddemo2.service-now.com 2026-09-27 (non-customer instance, read-only): unavailable (undefined_object). No per-rule test or instance validation recorded."
ITOM,ITOM-044,Deferred,Configured on the aggregate engine; object not yet verified: the platform object(s) pattern_execution are not established on a verified instance.,Not Tested,"techsnitchpvtltddemo2.service-now.com 2026-09-27 (non-customer instance, read-only): unavailable (undefined_object). No per-rule test or instance validation recorded."
ITOM,ITOM-045,Deferred,"Configured on the configuration engine; unavailable by declaration: a deprecation marker on probe definitions — ""from the instance's own metadata"", but no marker is named.",Not Tested,"techsnitchpvtltddemo2.service-now.com 2026-09-27 (non-customer instance, read-only): unavailable (undefined_dependency). No per-rule test or instance validation recorded."
ITOM,ITOM-046,Deferred,Configured on the configuration engine; unavailable by declaration: the pattern versions ServiceNow ships with each instance family — external reference data.,Not Tested,"techsnitchpvtltddemo2.service-now.com 2026-09-27 (non-customer instance, read-only): unavailable (undefined_dependency). No per-rule test or instance validation recorded."
ITOM,ITOM-047,Deferred,"Configured on the record_predicate engine; unavailable by declaration: sa_pattern has no description or owner field (verified on a real instance, Phase 5E) — two of the three absences the rule tests cannot be read.",Not Tested,"techsnitchpvtltddemo2.service-now.com 2026-09-27 (non-customer instance, read-only): unavailable (undefined_dependency). No per-rule test or instance validation recorded."
ITOM,ITOM-048,Deferred,Configured on the linkage engine; unavailable by declaration: duplicate-set membership with the source that created each member — owned by the CMDB duplicate rules; consumed here once the cross-domain link is built.,Not Tested,"techsnitchpvtltddemo2.service-now.com 2026-09-27 (non-customer instance, read-only): unavailable (undefined_dependency). No per-rule test or instance validation recorded."
ITOM,ITOM-049,Deferred,"Configured on the aggregate engine; unavailable by declaration: the sensor error threshold — ""relative to execution volume"", with no ratio given, and no per-sensor execution count is established.",Not Tested,"techsnitchpvtltddemo2.service-now.com 2026-09-27 (non-customer instance, read-only): unavailable (undefined_dependency). No per-rule test or instance validation recorded."
ITOM,ITOM-050,Deferred,Configured on the configuration engine; object not yet verified: the platform object(s) pattern_execution are not established on a verified instance.,Not Tested,"techsnitchpvtltddemo2.service-now.com 2026-09-27 (non-customer instance, read-only): unavailable (undefined_object). No per-rule test or instance validation recorded."
ITOM,ITOM-051,Built,Built on the configuration engine (health/itom/rules).,Not Tested,"techsnitchpvtltddemo2.service-now.com 2026-09-27 (non-customer instance, read-only): evaluated / inconclusive. Unit-tested (health-itom-catalogue.test.js); no per-rule instance validation recorded."
ITOM,ITOM-052,Built,Built on the configuration engine (health/itom/rules).,Not Tested,"techsnitchpvtltddemo2.service-now.com 2026-09-27 (non-customer instance, read-only): evaluated / inconclusive. No per-rule test or instance validation recorded."
ITOM,ITOM-053,Built,Built on the record_predicate engine (health/itom/rules).,Tested on PDI,"techsnitchpvtltddemo2.service-now.com 2026-09-27 (non-customer instance, read-only): evaluated, verdict fail, 2 finding(s), population 4 ecc_agent records (summed over variants). Unit-tested (health-itom-catalogue.test.js); no per-rule instance validation recorded."
ITOM,ITOM-054,Built,Built on the configuration engine (health/itom/rules).,Tested on PDI,"techsnitchpvtltddemo2.service-now.com 2026-09-27 (non-customer instance, read-only): evaluated, verdict fail, 1 finding(s), population 2 MID servers. Unit-tested (health-itom-catalogue.test.js); no per-rule instance validation recorded."
ITOM,ITOM-055,Built,Built on the record_predicate engine (health/itom/rules).,Tested on PDI,"techsnitchpvtltddemo2.service-now.com 2026-09-27 (non-customer instance, read-only): evaluated, verdict pass, 0 finding(s), population 2 ecc_agent records. Unit-tested (health-itom-catalogue.test.js); no per-rule instance validation recorded."
ITOM,ITOM-056,Deferred,Configured on the record_predicate engine; object not yet verified: the platform object(s) mid_certificate are not established on a verified instance.,Not Tested,"techsnitchpvtltddemo2.service-now.com 2026-09-27 (non-customer instance, read-only): unavailable (undefined_object). No per-rule test or instance validation recorded."
ITOM,ITOM-057,Deferred,Configured on the configuration engine; unavailable by declaration: the capability each work type requires — not defined.,Not Tested,"techsnitchpvtltddemo2.service-now.com 2026-09-27 (non-customer instance, read-only): unavailable (undefined_dependency). No per-rule test or instance validation recorded."
ITOM,ITOM-058,Built,Built on the configuration engine (health/itom/rules).,Not Tested,"techsnitchpvtltddemo2.service-now.com 2026-09-27 (non-customer instance, read-only): evaluated / inconclusive. No per-rule test or instance validation recorded."
ITOM,ITOM-059,Deferred,"Configured on the aggregate engine; specification gap: ""rising"" — three observation points are required, but no test for a rising series is given.",Not Tested,"techsnitchpvtltddemo2.service-now.com 2026-09-27 (non-customer instance, read-only): unconfigured (specification_gap). No per-rule test or instance validation recorded."
ITOM,ITOM-060,Deferred,"Configured on the record_predicate engine; unavailable by declaration: resource limits ""from MID configuration where available"" — none named, and no resource-class issue taxonomy.",Not Tested,"techsnitchpvtltddemo2.service-now.com 2026-09-27 (non-customer instance, read-only): unavailable (undefined_dependency). No per-rule test or instance validation recorded."
ITOM,ITOM-061,Built,Built on the record_predicate engine (health/itom/rules).,Tested on PDI,"techsnitchpvtltddemo2.service-now.com 2026-09-27 (non-customer instance, read-only): evaluated, verdict pass, 0 finding(s), population 2 ecc_agent records. Unit-tested (health-itom-catalogue.test.js); no per-rule instance validation recorded."
ITOM,ITOM-062,Built,Built on the configuration engine (health/itom/rules).,Not Tested,"techsnitchpvtltddemo2.service-now.com 2026-09-27 (non-customer instance, read-only): evaluated / inconclusive. No per-rule test or instance validation recorded."
ITOM,ITOM-063,Built,Built on the configuration engine (health/itom/rules).,Tested on PDI,"techsnitchpvtltddemo2.service-now.com 2026-09-27 (non-customer instance, read-only): evaluated, verdict fail, 1 finding(s), population 1 MID accounts. Unit-tested (health-itom-catalogue.test.js); no per-rule instance validation recorded."
ITOM,ITOM-064,Deferred,Configured on the record_predicate engine; unavailable by declaration: the supported JVM / OS matrix per instance family — external reference data.,Not Tested,"techsnitchpvtltddemo2.service-now.com 2026-09-27 (non-customer instance, read-only): unavailable (undefined_dependency). No per-rule test or instance validation recorded."
ITOM,ITOM-065,Deferred,"Configured on the configuration engine; unavailable by declaration: the MID parameter that configures log rotation — ecc_agent_config holds MID parameters by name (verified, Phase 5E), but the workbook names none, and rotation is set in the MID wrapper configuration, not the instance.",Not Tested,"techsnitchpvtltddemo2.service-now.com 2026-09-27 (non-customer instance, read-only): unavailable (undefined_dependency). No per-rule test or instance validation recorded."
ITOM,ITOM-066,Built,Built on the configuration engine (health/itom/rules).,Tested on PDI,"techsnitchpvtltddemo2.service-now.com 2026-09-27 (non-customer instance, read-only): evaluated, verdict pass, 0 finding(s), population 2 MID servers. Unit-tested (health-itom-catalogue.test.js); no per-rule instance validation recorded."
ITOM,ITOM-067,Built,Built on the aggregate engine (health/itom/rules).,Tested on PDI,"techsnitchpvtltddemo2.service-now.com 2026-09-27 (non-customer instance, read-only): evaluated, verdict fail, 1 finding(s), population 55 services. Unit-tested (health-itom-catalogue.test.js); no per-rule instance validation recorded."
ITOM,ITOM-068,Built,Built on the aggregate engine (health/itom/rules).,Not Tested,"techsnitchpvtltddemo2.service-now.com 2026-09-27 (non-customer instance, read-only): evaluated / inconclusive. Unit-tested (health-itom-catalogue.test.js); no per-rule instance validation recorded."
ITOM,ITOM-069,Deferred,Configured on the configuration engine; unavailable by declaration: Service Mapping licensing and pattern coverage per technology stack — not readable from the tables the workbook names.,Not Tested,"techsnitchpvtltddemo2.service-now.com 2026-09-27 (non-customer instance, read-only): unavailable (undefined_dependency). No per-rule test or instance validation recorded."
ITOM,ITOM-070,Deferred,"Configured on the configuration engine; unavailable by declaration: an entry point's traversal state — the entry-point link (sa_m2m_service_entry_point) is verified (Phase 5E) but carries no mapping-run outcome, and no mapping-run object is established.",Not Tested,"techsnitchpvtltddemo2.service-now.com 2026-09-27 (non-customer instance, read-only): unavailable (undefined_dependency). No per-rule test or instance validation recorded."
ITOM,ITOM-071,Deferred,"Configured on the configuration engine; unavailable by declaration: service map refresh history (last refresh, configured interval, CI count per refresh run) — no refresh-run object is established.",Not Tested,"techsnitchpvtltddemo2.service-now.com 2026-09-27 (non-customer instance, read-only): unavailable (undefined_dependency). No per-rule test or instance validation recorded."
ITOM,ITOM-072,Deferred,"Configured on the aggregate engine; unavailable by declaration: service map refresh history (last refresh, configured interval, CI count per refresh run) — no refresh-run object is established.",Not Tested,"techsnitchpvtltddemo2.service-now.com 2026-09-27 (non-customer instance, read-only): unavailable (undefined_dependency). No per-rule test or instance validation recorded."
ITOM,ITOM-073,Deferred,Configured on the relationship_graph engine; unavailable by declaration: the service map's own topology as distinct from cmdb_rel_ci — no map-edge object is established.,Not Tested,"techsnitchpvtltddemo2.service-now.com 2026-09-27 (non-customer instance, read-only): unavailable (undefined_dependency). No per-rule test or instance validation recorded."
ITOM,ITOM-074,Built,Built on the linkage engine (health/itom/rules).,Tested on PDI,"techsnitchpvtltddemo2.service-now.com 2026-09-27 (non-customer instance, read-only): evaluated, verdict pass, 0 finding(s), population 4 services with an entry point. Unit-tested (health-itom-catalogue.test.js); no per-rule instance validation recorded."
ITOM,ITOM-075,Built,Built on the linkage engine; unconfigured until instance parameter value(s) are set: min_count.,Not Tested,"techsnitchpvtltddemo2.service-now.com 2026-09-27 (non-customer instance, read-only): unconfigured (unconfigured_parameter). Unit-tested (health-itom-catalogue.test.js); no per-rule instance validation recorded."
ITOM,ITOM-076,Deferred,"Configured on the relationship_graph engine; specification gap: the tier model ""derived from the best-mapped services in the estate"" — how it is derived, and what counts as best-mapped, is not given.",Not Tested,"techsnitchpvtltddemo2.service-now.com 2026-09-27 (non-customer instance, read-only): unconfigured (specification_gap). No per-rule test or instance validation recorded."
ITOM,ITOM-077,Built,Built on the configuration engine (health/itom/rules).,Tested on PDI,"techsnitchpvtltddemo2.service-now.com 2026-09-27 (non-customer instance, read-only): evaluated, verdict fail, 1 finding(s), population 4 mapped services. Unit-tested (health-itom-catalogue.test.js); no per-rule instance validation recorded."
ITOM,ITOM-078,Deferred,Configured on the aggregate engine; unavailable by declaration: mapping-run output with unmatched or unresolved CI entries — no object is established.,Not Tested,"techsnitchpvtltddemo2.service-now.com 2026-09-27 (non-customer instance, read-only): unavailable (undefined_dependency). No per-rule test or instance validation recorded."
ITOM,ITOM-079,Deferred,Configured on the configuration engine; unavailable by declaration: a tag-based definition's refresh schedule — cmdb_ci_service_by_tags is verified (Phase 5E) but has no schedule field; its calculation state (last_calculated) is not the schedule the workbook names.,Not Tested,"techsnitchpvtltddemo2.service-now.com 2026-09-27 (non-customer instance, read-only): unavailable (undefined_dependency). No per-rule test or instance validation recorded."
ITOM,ITOM-080,Deferred,Configured on the record_predicate engine; unavailable by declaration: the map creation method (manual vs discovered) and its review history — not established.,Not Tested,"techsnitchpvtltddemo2.service-now.com 2026-09-27 (non-customer instance, read-only): unavailable (undefined_dependency). No per-rule test or instance validation recorded."
ITOM,ITOM-081,Deferred,"Configured on the aggregate engine; unavailable by declaration: mapping-run credential errors, by credential and service — no object is established.",Not Tested,"techsnitchpvtltddemo2.service-now.com 2026-09-27 (non-customer instance, read-only): unavailable (undefined_dependency). No per-rule test or instance validation recorded."
ITOM,ITOM-082,Deferred,"Configured on the configuration engine; unavailable by declaration: traffic-based connection data — the rule fires only where it is collected, and no collection object is established.",Not Tested,"techsnitchpvtltddemo2.service-now.com 2026-09-27 (non-customer instance, read-only): unavailable (undefined_dependency). No per-rule test or instance validation recorded."
ITOM,ITOM-083,Built,Built on the aggregate engine (health/itom/rules).,Not Tested,"techsnitchpvtltddemo2.service-now.com 2026-09-27 (non-customer instance, read-only): evaluated / inconclusive. Unit-tested (health-itom-catalogue.test.js); no per-rule instance validation recorded."
ITOM,ITOM-084,Built,Built on the record_predicate engine (health/itom/rules).,Not Tested,"techsnitchpvtltddemo2.service-now.com 2026-09-27 (non-customer instance, read-only): evaluated / inconclusive. Unit-tested (health-itom-catalogue.test.js); no per-rule instance validation recorded."
ITOM,ITOM-085,Deferred,"Configured on the configuration engine; unavailable by declaration: evidence of a monitoring tool in the estate (CI classes, integration endpoints, credential types) — the workbook names the sources, not the matching.",Not Tested,"techsnitchpvtltddemo2.service-now.com 2026-09-27 (non-customer instance, read-only): unavailable (undefined_dependency). No per-rule test or instance validation recorded."
ITOM,ITOM-086,Built,Built on the record_predicate engine (health/itom/rules).,Not Tested,"techsnitchpvtltddemo2.service-now.com 2026-09-27 (non-customer instance, read-only): evaluated / inconclusive. Unit-tested (health-itom-catalogue.test.js); no per-rule instance validation recorded."
ITOM,ITOM-087,Deferred,"Configured on the aggregate engine; specification gap: the rolling baseline — its length, and how weekday and weekend variance are accounted for, are required but not given.",Not Tested,"techsnitchpvtltddemo2.service-now.com 2026-09-27 (non-customer instance, read-only): unconfigured (specification_gap). No per-rule test or instance validation recorded."
ITOM,ITOM-088,Deferred,"Configured on the aggregate engine; unavailable by declaration: observed processing capacity, queue depth and discard counts — no object is established.",Not Tested,"techsnitchpvtltddemo2.service-now.com 2026-09-27 (non-customer instance, read-only): unavailable (undefined_dependency). No per-rule test or instance validation recorded."
ITOM,ITOM-089,Deferred,"Configured on the temporal_correlation engine; unavailable by declaration: the authentication class of a connector error — em_connector_instance keeps its last error as free text (verified, Phase 5E), and the workbook gives no classification.",Not Tested,"techsnitchpvtltddemo2.service-now.com 2026-09-27 (non-customer instance, read-only): unavailable (undefined_dependency). No per-rule test or instance validation recorded."
ITOM,ITOM-090,Deferred,"Configured on the configuration engine; unavailable by declaration: ""source liveness evidence"" from source CIs, credentials or other integrations — not defined.",Not Tested,"techsnitchpvtltddemo2.service-now.com 2026-09-27 (non-customer instance, read-only): unavailable (undefined_dependency). No per-rule test or instance validation recorded."
ITOM,ITOM-091,Built,Built on the record_predicate engine (health/itom/rules).,Not Tested,"techsnitchpvtltddemo2.service-now.com 2026-09-27 (non-customer instance, read-only): evaluated / inconclusive. Unit-tested (health-itom-catalogue.test.js); no per-rule instance validation recorded."
ITOM,ITOM-092,Deferred,Configured on the aggregate engine; unavailable by declaration: event discard counts and reasons — no object is established.,Not Tested,"techsnitchpvtltddemo2.service-now.com 2026-09-27 (non-customer instance, read-only): unavailable (undefined_dependency). No per-rule test or instance validation recorded."
ITOM,ITOM-093,Deferred,"Configured on the configuration engine; unavailable by declaration: ownership OWN-009 (with PLT-141) has no owner yet — the condition is evaluated once, by its owner, when ownership is agreed.",Not Tested,"techsnitchpvtltddemo2.service-now.com 2026-09-27 (non-customer instance, read-only): unavailable (undefined_dependency). No per-rule test or instance validation recorded."
ITOM,ITOM-094,Built,Built on the configuration engine (health/itom/rules).,Not Tested,"techsnitchpvtltddemo2.service-now.com 2026-09-27 (non-customer instance, read-only): evaluated / inconclusive. Unit-tested (health-itom-catalogue.test.js); no per-rule instance validation recorded."
ITOM,ITOM-095,Built,Built on the aggregate engine; unconfigured until instance parameter value(s) are set: window.,Not Tested,"techsnitchpvtltddemo2.service-now.com 2026-09-27 (non-customer instance, read-only): unconfigured (unconfigured_parameter). No per-rule test or instance validation recorded."
ITOM,ITOM-096,Built,Built on the configuration engine (health/itom/rules).,Tested on PDI,"techsnitchpvtltddemo2.service-now.com 2026-09-27 (non-customer instance, read-only): evaluated, verdict pass, 0 finding(s), population 40 alerts with a bound CI. Unit-tested (health-itom-catalogue.test.js); no per-rule instance validation recorded."
ITOM,ITOM-097,Deferred,"Configured on the configuration engine; unavailable by declaration: the classification of match attributes as ""name-type"" — ""configurable"", no default.",Not Tested,"techsnitchpvtltddemo2.service-now.com 2026-09-27 (non-customer instance, read-only): unavailable (undefined_dependency). No per-rule test or instance validation recorded."
ITOM,ITOM-098,Built,Built on the aggregate engine (health/itom/rules).,Tested on PDI,"techsnitchpvtltddemo2.service-now.com 2026-09-27 (non-customer instance, read-only): evaluated, verdict fail, 4 finding(s), population 43 em_event records. Unit-tested (health-itom-catalogue.test.js); no per-rule instance validation recorded."
ITOM,ITOM-099,Built,Built on the linkage engine (health/itom/rules).,Not Tested,"techsnitchpvtltddemo2.service-now.com 2026-09-27 (non-customer instance, read-only): evaluated / inconclusive. Unit-tested (health-itom-catalogue.test.js); no per-rule instance validation recorded."
ITOM,ITOM-100,Deferred,"Configured on the configuration engine; unavailable by declaration: match-rule precedence configuration, and which rules have multiple candidates — not established.",Not Tested,"techsnitchpvtltddemo2.service-now.com 2026-09-27 (non-customer instance, read-only): unavailable (undefined_dependency). No per-rule test or instance validation recorded."
ITOM,ITOM-101,Built,Built on the reference_integrity engine (health/itom/rules).,Not Tested,"techsnitchpvtltddemo2.service-now.com 2026-09-27 (non-customer instance, read-only): evaluated / inconclusive. Unit-tested (health-itom-catalogue.test.js); no per-rule instance validation recorded."
ITOM,ITOM-102,Deferred,"Configured on the configuration engine; unavailable by declaration: attribute strength classification (identity vs descriptive) — ""configurable"", no default.",Not Tested,"techsnitchpvtltddemo2.service-now.com 2026-09-27 (non-customer instance, read-only): unavailable (undefined_dependency). No per-rule test or instance validation recorded."
ITOM,ITOM-103,Deferred,Configured on the aggregate engine; unavailable by declaration: the node formats each match rule accepts — not readable from rule definitions as the workbook names them.,Not Tested,"techsnitchpvtltddemo2.service-now.com 2026-09-27 (non-customer instance, read-only): unavailable (undefined_dependency). No per-rule test or instance validation recorded."
ITOM,ITOM-104,Deferred,"Configured on the configuration engine; unavailable by declaration: the class set that participates in impact calculation — ""from the impact configuration"", not established.",Not Tested,"techsnitchpvtltddemo2.service-now.com 2026-09-27 (non-customer instance, read-only): unavailable (undefined_dependency). No per-rule test or instance validation recorded."
ITOM,ITOM-105,Built,Built on the configuration engine (health/itom/rules).,Tested on PDI,"techsnitchpvtltddemo2.service-now.com 2026-09-27 (non-customer instance, read-only): evaluated, verdict pass, 0 finding(s), population 13 disabled event rules. Unit-tested (health-itom-catalogue.test.js); no per-rule instance validation recorded."
ITOM,ITOM-106,Built,Built on the aggregate engine (health/itom/rules).,Tested on PDI,"techsnitchpvtltddemo2.service-now.com 2026-09-27 (non-customer instance, read-only): evaluated, verdict pass, 0 finding(s), population 6 Critical alerts with a bound CI. Unit-tested (health-itom-catalogue.test.js); no per-rule instance validation recorded."
ITOM,ITOM-107,Built,Built on the aggregate engine (health/itom/rules).,Tested on PDI,"techsnitchpvtltddemo2.service-now.com 2026-09-27 (non-customer instance, read-only): evaluated, verdict pass, 0 finding(s), population 40 alerts. Unit-tested (health-itom-catalogue.test.js); no per-rule instance validation recorded."
ITOM,ITOM-108,Built,Built on the linkage engine (health/itom/rules).,Tested on PDI,"techsnitchpvtltddemo2.service-now.com 2026-09-27 (non-customer instance, read-only): evaluated, verdict fail, 1 finding(s), population 40 unassigned alerts. Unit-tested (health-itom-catalogue.test.js); no per-rule instance validation recorded."
ITOM,ITOM-109,Built,Built on the record_predicate engine (health/itom/rules).,Tested on PDI,"techsnitchpvtltddemo2.service-now.com 2026-09-27 (non-customer instance, read-only): evaluated, verdict fail, 1 finding(s), population 5 em_alert records (summed over variants). Unit-tested (health-itom-catalogue.test.js); no per-rule instance validation recorded."
ITOM,ITOM-110,Built,Built on the aggregate engine (health/itom/rules).,Tested on PDI,"techsnitchpvtltddemo2.service-now.com 2026-09-27 (non-customer instance, read-only): evaluated, verdict fail, 1 finding(s), population 40 em_alert records. Unit-tested (health-itom-catalogue.test.js); no per-rule instance validation recorded."
ITOM,ITOM-111,Built,Built on the linkage engine (health/itom/rules).,Not Tested,"techsnitchpvtltddemo2.service-now.com 2026-09-27 (non-customer instance, read-only): evaluated / inconclusive. Unit-tested (health-itom-catalogue.test.js); no per-rule instance validation recorded."
ITOM,ITOM-112,Built,Built on the configuration engine (health/itom/rules).,Tested on PDI,"techsnitchpvtltddemo2.service-now.com 2026-09-27 (non-customer instance, read-only): evaluated, verdict pass, 0 finding(s), population 1 active alert management rules that fired. Unit-tested (health-itom-catalogue.test.js); no per-rule instance validation recorded."
ITOM,ITOM-113,Built,Built on the aggregate engine (health/itom/rules).,Tested on PDI,"techsnitchpvtltddemo2.service-now.com 2026-09-27 (non-customer instance, read-only): evaluated, verdict pass, 0 finding(s), population 40 alerts. Unit-tested (health-itom-catalogue.test.js); no per-rule instance validation recorded."
ITOM,ITOM-114,Deferred,"Configured on the temporal_correlation engine; unavailable by declaration: the co-occurrence threshold — ""configurable"", no default.",Not Tested,"techsnitchpvtltddemo2.service-now.com 2026-09-27 (non-customer instance, read-only): unavailable (undefined_dependency). No per-rule test or instance validation recorded."
ITOM,ITOM-115,Built,Built on the aggregate engine (health/itom/rules).,Tested on PDI,"techsnitchpvtltddemo2.service-now.com 2026-09-27 (non-customer instance, read-only): evaluated, verdict fail, 1 finding(s), population 43 em_event records. Unit-tested (health-itom-catalogue.test.js); no per-rule instance validation recorded."
ITOM,ITOM-116,Built,Built on the configuration engine (health/itom/rules).,Not Tested,"techsnitchpvtltddemo2.service-now.com 2026-09-27 (non-customer instance, read-only): evaluated / inconclusive. Unit-tested (health-itom-catalogue.test.js); no per-rule instance validation recorded."
ITOM,ITOM-117,Built,Built on the configuration engine (health/itom/rules).,Not Tested,"techsnitchpvtltddemo2.service-now.com 2026-09-27 (non-customer instance, read-only): evaluated / inconclusive. Unit-tested (health-itom-catalogue.test.js); no per-rule instance validation recorded."
ITOM,ITOM-118,Built,Built on the configuration engine (health/itom/rules).,Tested on PDI,"techsnitchpvtltddemo2.service-now.com 2026-09-27 (non-customer instance, read-only): evaluated, verdict fail, 1 finding(s), population 19 em_alert_management_rule records. Unit-tested (health-itom-catalogue.test.js); no per-rule instance validation recorded."
ITOM,ITOM-119,Deferred,"Configured on the aggregate engine; unavailable by declaration: the closure method ""closed by age"" — no field or state records it.",Not Tested,"techsnitchpvtltddemo2.service-now.com 2026-09-27 (non-customer instance, read-only): unavailable (undefined_dependency). No per-rule test or instance validation recorded."
ITOM,ITOM-120,Deferred,"Configured on the configuration engine; unavailable by declaration: cloud account evidence ""from tags, CIs, integrations or billing references"" — the sources are named, the matching is not.",Not Tested,"techsnitchpvtltddemo2.service-now.com 2026-09-27 (non-customer instance, read-only): unavailable (undefined_dependency). No per-rule test or instance validation recorded."
ITOM,ITOM-121,Deferred,Configured on the aggregate engine; object not yet verified: the platform object(s) cloud_account_registry are not established on a verified instance.,Not Tested,"techsnitchpvtltddemo2.service-now.com 2026-09-27 (non-customer instance, read-only): unavailable (undefined_object). No per-rule test or instance validation recorded."
ITOM,ITOM-122,Deferred,"Configured on the configuration engine; unavailable by declaration: the cloud ↔ on-premises class equivalence mapping — ""configurable"", no default.",Not Tested,"techsnitchpvtltddemo2.service-now.com 2026-09-27 (non-customer instance, read-only): unavailable (undefined_dependency). No per-rule test or instance validation recorded."
ITOM,ITOM-123,Deferred,Configured on the configuration engine; object not yet verified: the platform object(s) cloud_account_registry are not established on a verified instance.,Not Tested,"techsnitchpvtltddemo2.service-now.com 2026-09-27 (non-customer instance, read-only): unavailable (undefined_object). No per-rule test or instance validation recorded."
ITOM,ITOM-124,Built,Built on the configuration engine (health/itom/rules).,Not Tested,"techsnitchpvtltddemo2.service-now.com 2026-09-27 (non-customer instance, read-only): evaluated / inconclusive. No per-rule test or instance validation recorded."
ITOM,ITOM-125,Built,Built on the configuration engine; unconfigured until instance parameter value(s) are set: cloud_classes.,Not Tested,"techsnitchpvtltddemo2.service-now.com 2026-09-27 (non-customer instance, read-only): unconfigured (unconfigured_parameter). No per-rule test or instance validation recorded."
ITOM,ITOM-126,Deferred,"Configured on the aggregate engine; unavailable by declaration: rate-limit responses in cloud discovery logs, and the run-to-run resource-count variance threshold (""configurable"") — not given.",Not Tested,"techsnitchpvtltddemo2.service-now.com 2026-09-27 (non-customer instance, read-only): unavailable (undefined_dependency). No per-rule test or instance validation recorded."
ITOM,ITOM-127,Deferred,Configured on the configuration engine; object not yet verified: the platform object(s) cloud_account_registry are not established on a verified instance.,Not Tested,"techsnitchpvtltddemo2.service-now.com 2026-09-27 (non-customer instance, read-only): unavailable (undefined_object). No per-rule test or instance validation recorded."
ITOM,ITOM-128,Deferred,"Configured on the configuration engine; unavailable by declaration: cloud IAM policies ""where retrievable"" and the required permission set per provider — external data.",Not Tested,"techsnitchpvtltddemo2.service-now.com 2026-09-27 (non-customer instance, read-only): unavailable (undefined_dependency). No per-rule test or instance validation recorded."
ITOM,ITOM-129,Deferred,Configured on the temporal_correlation engine; object not yet verified: the platform object(s) cloud_account_registry are not established on a verified instance.,Not Tested,"techsnitchpvtltddemo2.service-now.com 2026-09-27 (non-customer instance, read-only): unavailable (undefined_object). No per-rule test or instance validation recorded."
ITOM,ITOM-130,Deferred,Configured on the configuration engine; unavailable by declaration: tag-based classification rule results — not established; the required tag set is the customer's policy.,Not Tested,"techsnitchpvtltddemo2.service-now.com 2026-09-27 (non-customer instance, read-only): unavailable (undefined_dependency). No per-rule test or instance validation recorded."
ITOM,ITOM-131,Deferred,Configured on the configuration engine; unavailable by declaration: cost-collection availability per provider and resource type — external data.,Not Tested,"techsnitchpvtltddemo2.service-now.com 2026-09-27 (non-customer instance, read-only): unavailable (undefined_dependency). No per-rule test or instance validation recorded."
ITOM,ITOM-132,Deferred,"Configured on the aggregate engine; unavailable by declaration: the interval variance threshold — ""configurable"", no default — and the provider/account of each cloud schedule.",Not Tested,"techsnitchpvtltddemo2.service-now.com 2026-09-27 (non-customer instance, read-only): unavailable (undefined_dependency). No per-rule test or instance validation recorded."
ITOM,ITOM-133,Deferred,Configured on the linkage engine; unavailable by declaration: duplicate-set membership with the source that created each member — owned by the CMDB duplicate rules; consumed here once the cross-domain link is built.,Not Tested,"techsnitchpvtltddemo2.service-now.com 2026-09-27 (non-customer instance, read-only): unavailable (undefined_dependency). No per-rule test or instance validation recorded."
ITOM,ITOM-134,Deferred,Configured on the configuration engine; object not yet verified: the platform object(s) cloud_provisioning are not established on a verified instance.,Not Tested,"techsnitchpvtltddemo2.service-now.com 2026-09-27 (non-customer instance, read-only): unavailable (undefined_object). Unit-tested (health-itil-catalogue.test.js); no per-rule instance validation recorded."
ITOM,ITOM-135,Deferred,Configured on the linkage engine; object not yet verified: the platform object(s) cloud_provisioning are not established on a verified instance.,Not Tested,"techsnitchpvtltddemo2.service-now.com 2026-09-27 (non-customer instance, read-only): unavailable (undefined_object). No per-rule test or instance validation recorded."
ITOM,ITOM-136,Deferred,Configured on the configuration engine; object not yet verified: the platform object(s) cloud_provisioning are not established on a verified instance.,Not Tested,"techsnitchpvtltddemo2.service-now.com 2026-09-27 (non-customer instance, read-only): unavailable (undefined_object). No per-rule test or instance validation recorded."
ITOM,ITOM-137,Deferred,Configured on the record_predicate engine; object not yet verified: the platform object(s) cloud_provisioning are not established on a verified instance.,Not Tested,"techsnitchpvtltddemo2.service-now.com 2026-09-27 (non-customer instance, read-only): unavailable (undefined_object). No per-rule test or instance validation recorded."
ITOM,ITOM-138,Deferred,Configured on the temporal_correlation engine; object not yet verified: the platform object(s) cloud_provisioning are not established on a verified instance.,Not Tested,"techsnitchpvtltddemo2.service-now.com 2026-09-27 (non-customer instance, read-only): unavailable (undefined_object). No per-rule test or instance validation recorded."
ITOM,ITOM-139,Deferred,Configured on the configuration engine; unavailable by declaration: provider deprecation data for images and sizes — external data.,Not Tested,"techsnitchpvtltddemo2.service-now.com 2026-09-27 (non-customer instance, read-only): unavailable (undefined_dependency). No per-rule test or instance validation recorded."
ITOM,ITOM-140,Deferred,Configured on the configuration engine; object not yet verified: the platform object(s) cloud_provisioning are not established on a verified instance.,Not Tested,"techsnitchpvtltddemo2.service-now.com 2026-09-27 (non-customer instance, read-only): unavailable (undefined_object). No per-rule test or instance validation recorded."
ITOM,ITOM-141,Deferred,Configured on the configuration engine; object not yet verified: the platform object(s) cloud_provisioning are not established on a verified instance.,Not Tested,"techsnitchpvtltddemo2.service-now.com 2026-09-27 (non-customer instance, read-only): unavailable (undefined_object). No per-rule test or instance validation recorded."
ITOM,ITOM-142,Deferred,"Configured on the reference_integrity engine; unavailable by declaration: ownership OWN-008 (with CMDB-102, ITSM-018 and others) has no owner yet — ""groups with zero active members"" is evaluated once, by its owner.",Not Tested,"techsnitchpvtltddemo2.service-now.com 2026-09-27 (non-customer instance, read-only): unavailable (undefined_dependency). No per-rule test or instance validation recorded."
ITOM,ITOM-143,Deferred,Configured on the configuration engine; object not yet verified: the platform object(s) cloud_provisioning are not established on a verified instance.,Not Tested,"techsnitchpvtltddemo2.service-now.com 2026-09-27 (non-customer instance, read-only): unavailable (undefined_object). No per-rule test or instance validation recorded."
ITOM,ITOM-144,Deferred,"Configured on the configuration engine; unavailable by declaration: the attribute comparison set and drift tolerance — ""configurable"", no default.",Not Tested,"techsnitchpvtltddemo2.service-now.com 2026-09-27 (non-customer instance, read-only): unavailable (undefined_dependency). No per-rule test or instance validation recorded."
ITOM,ITOM-145,Deferred,Configured on the record_predicate engine; object not yet verified: the platform object(s) cloud_provisioning are not established on a verified instance.,Not Tested,"techsnitchpvtltddemo2.service-now.com 2026-09-27 (non-customer instance, read-only): unavailable (undefined_object). No per-rule test or instance validation recorded."
ITOM,ITOM-146,Deferred,"Configured on the record_predicate engine; unavailable by declaration: which catalogue items are ""provisioning"" items — not defined.",Not Tested,"techsnitchpvtltddemo2.service-now.com 2026-09-27 (non-customer instance, read-only): unavailable (undefined_dependency). No per-rule test or instance validation recorded."
ITOM,ITOM-147,Deferred,"Configured on the composite engine; unavailable by declaration: per-credential authentication outcomes per range per day: the platform records a credential affinity on SUCCESS, but no table the workbook names records each failed attempt against the credential tried.",Not Tested,"techsnitchpvtltddemo2.service-now.com 2026-09-27 (non-customer instance, read-only): unavailable (undefined_dependency). Unit-tested (health-itom-catalogue.test.js); no per-rule instance validation recorded."
ITOM,ITOM-148,Built,Built on the temporal_correlation engine (health/itom/rules).,Tested on PDI,"techsnitchpvtltddemo2.service-now.com 2026-09-27 (non-customer instance, read-only): evaluated, verdict fail, 1 finding(s), population 6 discovery runs that did not complete. Unit-tested (health-itom-catalogue.test.js); no per-rule instance validation recorded."
ITOM,ITOM-149,Deferred,Configured on the composite engine; unavailable by declaration: duplicate-set membership with the source that created each member — owned by the CMDB duplicate rules; consumed here once the cross-domain link is built.,Not Tested,"techsnitchpvtltddemo2.service-now.com 2026-09-27 (non-customer instance, read-only): unavailable (undefined_dependency). No per-rule test or instance validation recorded."
ITOM,ITOM-150,Built,Built on the composite engine (health/itom/rules).,Tested on PDI,"techsnitchpvtltddemo2.service-now.com 2026-09-27 (non-customer instance, read-only): evaluated, verdict pass, 0 finding(s), population 40 alerts bound to a CI. Unit-tested (health-itom-catalogue.test.js); no per-rule instance validation recorded."
ITOM,ITOM-151,Deferred,Configured on the composite engine; unavailable by declaration: the service map's own topology as distinct from cmdb_rel_ci — no map-edge object is established.,Not Tested,"techsnitchpvtltddemo2.service-now.com 2026-09-27 (non-customer instance, read-only): unavailable (undefined_dependency). No per-rule test or instance validation recorded."
ITOM,ITOM-152,Built,Built on the composite engine (health/itom/rules).,Tested on PDI,"techsnitchpvtltddemo2.service-now.com 2026-09-27 (non-customer instance, read-only): evaluated, verdict fail, 1 finding(s), population 38 Business Critical services with no impact tree. Unit-tested (health-csdm-catalogue.test.js); no per-rule instance validation recorded."
ITOM,ITOM-153,Deferred,"Configured on the temporal_correlation engine; unavailable by declaration: MID availability history (outage windows per MID) — the platform keeps a MID's current status, not its history.",Not Tested,"techsnitchpvtltddemo2.service-now.com 2026-09-27 (non-customer instance, read-only): unavailable (undefined_dependency). No per-rule test or instance validation recorded."
ITOM,ITOM-154,Deferred,"Configured on the temporal_correlation engine; unavailable by declaration: the correlation window — ""configurable"", no default.",Not Tested,"techsnitchpvtltddemo2.service-now.com 2026-09-27 (non-customer instance, read-only): unavailable (undefined_dependency). No per-rule test or instance validation recorded."
ITOM,ITOM-155,Deferred,Configured on the composite engine; object not yet verified: the platform object(s) cloud_account_registry are not established on a verified instance.,Not Tested,"techsnitchpvtltddemo2.service-now.com 2026-09-27 (non-customer instance, read-only): unavailable (undefined_object). No per-rule test or instance validation recorded."
ITOM,ITOM-156,Built,Built on the composite engine (health/itom/rules).,Not Tested,"techsnitchpvtltddemo2.service-now.com 2026-09-27 (non-customer instance, read-only): evaluated / inconclusive. Unit-tested (health-csdm-catalogue.test.js); no per-rule instance validation recorded."
platform,PLT-001,Deferred,"Configured on the record_predicate engine; specification gap: ""business-hours intent"" — an empty schedule means 24x7, and whether 24x7 was intended is not recorded on the definition.",Not Tested,"techsnitchpvtltddemo2.service-now.com 2026-09-27 (non-customer instance, read-only): unconfigured (specification_gap). Unit-tested (health-rulebook-changes.test.js); no per-rule instance validation recorded."
platform,PLT-002,Built,"The same condition as ITSM-003, evaluated there and counted once (D-019).",Not Tested,"Unit-tested (health-custom-rules.test.js, health-platform-catalogue.test.js); no per-rule instance validation recorded."
platform,PLT-003,Deferred,Configured on the configuration engine; unavailable by declaration: the task state transition map that makes a start / pause / stop combination reachable — not defined.,Not Tested,"techsnitchpvtltddemo2.service-now.com 2026-09-27 (non-customer instance, read-only): unavailable (undefined_dependency). No per-rule test or instance validation recorded."
platform,PLT-004,Built,Built on the aggregate engine (health/platform/rules).,Tested on PDI,"techsnitchpvtltddemo2.service-now.com 2026-09-27 (non-customer instance, read-only): evaluated, verdict fail, 1 finding(s), population 216 tasks with an active SLA. No per-rule test or instance validation recorded."
platform,PLT-005,Built,Built on the reference_integrity engine (health/platform/rules).,Tested on PDI,"techsnitchpvtltddemo2.service-now.com 2026-09-27 (non-customer instance, read-only): evaluated, verdict pass, 0 finding(s), population 22 service_commitment records. No per-rule test or instance validation recorded."
platform,PLT-006,Deferred,"Configured on the configuration engine; unavailable by declaration: ""insert-only"" evaluation timing — no field of contract_sla records it (verified, Phase 6).",Not Tested,"techsnitchpvtltddemo2.service-now.com 2026-09-27 (non-customer instance, read-only): unavailable (undefined_dependency). No per-rule test or instance validation recorded."
platform,PLT-007,Built,Built on the configuration engine (health/platform/rules).,Tested on PDI,"techsnitchpvtltddemo2.service-now.com 2026-09-27 (non-customer instance, read-only): evaluated, verdict fail, 1 finding(s), population 36 active SLA definitions on incident, problem and change. Unit-tested (health-platform-catalogue.test.js); no per-rule instance validation recorded."
platform,PLT-008,Not Started,Fully defined; evaluator not built yet: reading when_to_resume against resume_condition per definition and joining SLA records paused beyond the threshold.,Not Tested,"techsnitchpvtltddemo2.service-now.com 2026-09-27 (non-customer instance, read-only): unavailable (not_built). Unit-tested (health-rulebook-changes.test.js); no per-rule instance validation recorded."
platform,PLT-009,Deferred,"Configured on the configuration engine; unavailable by declaration: where business time ""was intended"" — implied by a schedule or commitment, not recorded.",Not Tested,"techsnitchpvtltddemo2.service-now.com 2026-09-27 (non-customer instance, read-only): unavailable (undefined_dependency). No per-rule test or instance validation recorded."
platform,PLT-010,Deferred,"Configured on the configuration engine; unavailable by declaration: the triggering event's time for a record, against which the creation gap is measured — not defined.",Not Tested,"techsnitchpvtltddemo2.service-now.com 2026-09-27 (non-customer instance, read-only): unavailable (undefined_dependency). No per-rule test or instance validation recorded."
platform,PLT-011,Deferred,"Configured on the linkage engine; unavailable by declaration: the platform does not keep every execution of an SLA flow: on the validation instance half the SLAs created since the oldest retained flow context have no context at all, so a flow that never ran cannot be told from a purged context (D-035).",Not Tested,"techsnitchpvtltddemo2.service-now.com 2026-09-27 (non-customer instance, read-only): unavailable (undefined_dependency). Unit-tested (health-platform-catalogue.test.js); no per-rule instance validation recorded."
platform,PLT-012,Built,Built on the record_predicate engine (health/platform/rules).,Tested on PDI,"techsnitchpvtltddemo2.service-now.com 2026-09-27 (non-customer instance, read-only): evaluated, verdict pass, 0 finding(s), population 206 contract_sla records. No per-rule test or instance validation recorded."
platform,PLT-013,Built,Built on the configuration engine (health/platform/rules).,Tested on PDI,"techsnitchpvtltddemo2.service-now.com 2026-09-27 (non-customer instance, read-only): evaluated, verdict pass, 0 finding(s), population 206 SLA definitions. Unit-tested (health-platform-catalogue.test.js); no per-rule instance validation recorded."
platform,PLT-014,Built,Built on the configuration engine (health/platform/rules).,Not Tested,"techsnitchpvtltddemo2.service-now.com 2026-09-27 (non-customer instance, read-only): evaluated / inconclusive. Unit-tested (health-platform-catalogue.test.js); no per-rule instance validation recorded."
platform,PLT-015,Deferred,"Configured on the configuration engine; unavailable by declaration: a ""multi-timezone estate"" and the records that span timezones — not defined.",Not Tested,"techsnitchpvtltddemo2.service-now.com 2026-09-27 (non-customer instance, read-only): unavailable (undefined_dependency). No per-rule test or instance validation recorded."
platform,PLT-016,Built,Built on the record_predicate engine (health/platform/rules).,Tested on PDI,"techsnitchpvtltddemo2.service-now.com 2026-09-27 (non-customer instance, read-only): evaluated, verdict fail, 1 finding(s), population 206 contract_sla records. Unit-tested (health-itil-catalogue.test.js); no per-rule instance validation recorded."
platform,PLT-017,Built,Built on the temporal_correlation engine (health/platform/rules).,Not Tested,"techsnitchpvtltddemo2.service-now.com 2026-09-27 (non-customer instance, read-only): evaluated / inconclusive. Unit-tested (health-platform-catalogue.test.js); no per-rule instance validation recorded."
platform,PLT-018,Built,Built on the aggregate engine (health/platform/rules).,Tested on PDI,"techsnitchpvtltddemo2.service-now.com 2026-09-27 (non-customer instance, read-only): evaluated, verdict fail, 6 finding(s), population 511 task_sla records. No per-rule test or instance validation recorded."
platform,PLT-019,Deferred,"Configured on the configuration engine; unavailable by declaration: a definition's ""intended scope"" from its description and commitment — not readable.",Not Tested,"techsnitchpvtltddemo2.service-now.com 2026-09-27 (non-customer instance, read-only): unavailable (undefined_dependency). No per-rule test or instance validation recorded."
platform,PLT-020,Built,Built on the linkage engine (health/platform/rules).,Tested on PDI,"techsnitchpvtltddemo2.service-now.com 2026-09-27 (non-customer instance, read-only): evaluated, verdict fail, 1 finding(s), population 835 active records a start condition matches. Unit-tested (health-platform-catalogue.test.js); no per-rule instance validation recorded."
platform,PLT-021,Built,Built on the aggregate engine (health/platform/rules).,Tested on PDI,"techsnitchpvtltddemo2.service-now.com 2026-09-27 (non-customer instance, read-only): evaluated, verdict fail, 1 finding(s), population 28 SLA records. No per-rule test or instance validation recorded."
platform,PLT-022,Deferred,Configured on the aggregate engine; unavailable by declaration: manual SLA repair executions — no execution record of the repair jobs is established.,Not Tested,"techsnitchpvtltddemo2.service-now.com 2026-09-27 (non-customer instance, read-only): unavailable (undefined_dependency). No per-rule test or instance validation recorded."
platform,PLT-023,Deferred,"Configured on the aggregate engine; unavailable by declaration: the expected SLA-per-task ratio ""derived from active definition count and coverage"" — the derivation is not given.",Not Tested,"techsnitchpvtltddemo2.service-now.com 2026-09-27 (non-customer instance, read-only): unavailable (undefined_dependency). No per-rule test or instance validation recorded."
platform,PLT-024,Built,"The same condition as ITSM-011, evaluated there and counted once (D-019).",Not Tested,Unit-tested (health-platform-catalogue.test.js); no per-rule instance validation recorded.
platform,PLT-025,Built,Built on the record_predicate engine (health/platform/rules).,Tested on PDI,"techsnitchpvtltddemo2.service-now.com 2026-09-27 (non-customer instance, read-only): evaluated, verdict fail, 1 finding(s), population 242 task_sla records (summed over variants). No per-rule test or instance validation recorded."
platform,PLT-026,Deferred,"Configured on the temporal_correlation engine; specification gap: a tolerance after closure — the SLA record is stopped BY the closure, moments after it, so ""updated after closure"" needs a margin the workbook does not give.",Not Tested,"techsnitchpvtltddemo2.service-now.com 2026-09-27 (non-customer instance, read-only): unconfigured (specification_gap). No per-rule test or instance validation recorded."
platform,PLT-027,Built,Built on the reference_integrity engine (health/platform/rules).,Tested on PDI,"techsnitchpvtltddemo2.service-now.com 2026-09-27 (non-customer instance, read-only): evaluated, verdict fail, 1 finding(s), population 511 task_sla records. Unit-tested (health-platform-catalogue.test.js); no per-rule instance validation recorded."
platform,PLT-028,Built,Built on the record_predicate engine (health/platform/rules).,Tested on PDI,"techsnitchpvtltddemo2.service-now.com 2026-09-27 (non-customer instance, read-only): evaluated, verdict fail, 1 finding(s), population 119 service_commitment records. Unit-tested (health-csdm-catalogue.test.js); no per-rule instance validation recorded."
platform,PLT-029,Built,Built on the configuration engine (health/platform/rules).,Tested on PDI,"techsnitchpvtltddemo2.service-now.com 2026-09-27 (non-customer instance, read-only): evaluated, verdict pass, 0 finding(s), population 206 SLA definitions. No per-rule test or instance validation recorded."
platform,PLT-030,Built,Built on the configuration engine (health/platform/rules).,Not Tested,"techsnitchpvtltddemo2.service-now.com 2026-09-27 (non-customer instance, read-only): evaluated / inconclusive. Unit-tested (health-platform-catalogue.test.js); no per-rule instance validation recorded."
platform,PLT-031,Built,Built on the configuration engine (health/platform/rules).,Tested on PDI,"techsnitchpvtltddemo2.service-now.com 2026-09-27 (non-customer instance, read-only): evaluated, verdict fail, 1 finding(s), population 55 Business Critical services. Unit-tested (health-platform-catalogue.test.js); no per-rule instance validation recorded."
platform,PLT-032,Deferred,Configured on the configuration engine; unavailable by declaration: which SLA definitions a report or dashboard is built on — not readable from report configuration as the workbook names it.,Not Tested,"techsnitchpvtltddemo2.service-now.com 2026-09-27 (non-customer instance, read-only): unavailable (undefined_dependency). No per-rule test or instance validation recorded."
platform,PLT-033,Not Started,Fully defined; evaluator not built yet: combining table row counts and update frequency for the tables customer-authored rules run on.,Not Tested,"techsnitchpvtltddemo2.service-now.com 2026-09-27 (non-customer instance, read-only): unavailable (not_built). No per-rule test or instance validation recorded."
platform,PLT-034,Built,Built on the text_analysis engine (health/platform/rules).,Tested on PDI,"techsnitchpvtltddemo2.service-now.com 2026-09-27 (non-customer instance, read-only): evaluated, verdict fail, 1 finding(s), population 109 customer-authored sys_script records. Unit-tested (health-platform-catalogue.test.js); no per-rule instance validation recorded."
platform,PLT-035,Built,Built on the text_analysis engine (health/platform/rules).,Tested on PDI,"techsnitchpvtltddemo2.service-now.com 2026-09-27 (non-customer instance, read-only): evaluated, verdict fail, 2 finding(s), population 328 customer-authored sys_script records (summed over variants). Unit-tested (health-platform-catalogue.test.js); no per-rule instance validation recorded."
platform,PLT-036,Deferred,"Configured on the text_analysis engine; unavailable by declaration: an operation classification (async-appropriate operations, UI-policy-expressible actions, privileged operations) — ""configurable"", no default.",Not Tested,"techsnitchpvtltddemo2.service-now.com 2026-09-27 (non-customer instance, read-only): unavailable (undefined_dependency). No per-rule test or instance validation recorded."
platform,PLT-037,Built,Built on the configuration engine (health/platform/rules).,Tested on PDI,"techsnitchpvtltddemo2.service-now.com 2026-09-27 (non-customer instance, read-only): evaluated, verdict pass, 0 finding(s), population 212 customer-authored sys_script records. No per-rule test or instance validation recorded."
platform,PLT-038,Built,Built on the record_predicate engine (health/platform/rules).,Tested on PDI,"techsnitchpvtltddemo2.service-now.com 2026-09-27 (non-customer instance, read-only): evaluated, verdict fail, 1 finding(s), population 212 customer-authored sys_script records. No per-rule test or instance validation recorded."
platform,PLT-039,Built,Built on the text_analysis engine (health/platform/rules).,Not Tested,"techsnitchpvtltddemo2.service-now.com 2026-09-27 (non-customer instance, read-only): evaluated / inconclusive. Unit-tested (health-platform-catalogue.test.js); no per-rule instance validation recorded."
platform,PLT-040,Built,Built on the text_analysis engine (health/platform/rules).,Tested on PDI,"techsnitchpvtltddemo2.service-now.com 2026-09-27 (non-customer instance, read-only): evaluated, verdict pass, 0 finding(s), population 212 customer-authored sys_script records. No per-rule test or instance validation recorded."
platform,PLT-041,Built,Built on the text_analysis engine (health/platform/rules).,Tested on PDI,"techsnitchpvtltddemo2.service-now.com 2026-09-27 (non-customer instance, read-only): evaluated, verdict fail, 1 finding(s), population 73 tables with a customer before rule. Unit-tested (health-platform-catalogue.test.js); no per-rule instance validation recorded."
platform,PLT-042,Built,Built on the text_analysis engine (health/platform/rules).,Tested on PDI,"techsnitchpvtltddemo2.service-now.com 2026-09-27 (non-customer instance, read-only): evaluated, verdict pass, 0 finding(s), population 1 customer-authored sys_script records. No per-rule test or instance validation recorded."
platform,PLT-043,Deferred,"Configured on the text_analysis engine; unavailable by declaration: the overlap threshold (""configurable"") and a comparison of flow and workflow logic with scripts.",Not Tested,"techsnitchpvtltddemo2.service-now.com 2026-09-27 (non-customer instance, read-only): unavailable (undefined_dependency). No per-rule test or instance validation recorded."
platform,PLT-044,Built,Built on the text_analysis engine (health/platform/rules).,Tested on PDI,"techsnitchpvtltddemo2.service-now.com 2026-09-27 (non-customer instance, read-only): evaluated, verdict pass, 0 finding(s), population 212 customer-authored sys_script records. No per-rule test or instance validation recorded."
platform,PLT-045,Built,Built on the text_analysis engine (health/platform/rules).,Not Tested,"techsnitchpvtltddemo2.service-now.com 2026-09-27 (non-customer instance, read-only): evaluated / inconclusive. Unit-tested (health-platform-catalogue.test.js); no per-rule instance validation recorded."
platform,PLT-046,Built,Built on the text_analysis engine (health/platform/rules).,Tested on PDI,"techsnitchpvtltddemo2.service-now.com 2026-09-27 (non-customer instance, read-only): evaluated, verdict fail, 1 finding(s), population 212 customer-authored sys_script records. Unit-tested (health-platform-catalogue.test.js); no per-rule instance validation recorded."
platform,PLT-047,Built,Built on the text_analysis engine (health/platform/rules).,Tested on PDI,"techsnitchpvtltddemo2.service-now.com 2026-09-27 (non-customer instance, read-only): evaluated, verdict pass, 0 finding(s), population 212 customer-authored sys_script records. Unit-tested (health-platform-catalogue.test.js); no per-rule instance validation recorded."
platform,PLT-048,Built,Built on the text_analysis engine (health/platform/rules).,Tested on PDI,"techsnitchpvtltddemo2.service-now.com 2026-09-27 (non-customer instance, read-only): evaluated, verdict fail, 1 finding(s), population 212 customer-authored sys_script records. Unit-tested (health-platform-catalogue.test.js); no per-rule instance validation recorded."
platform,PLT-049,Built,Built on the text_analysis engine (health/platform/rules).,Tested on PDI,"techsnitchpvtltddemo2.service-now.com 2026-09-27 (non-customer instance, read-only): evaluated, verdict pass, 0 finding(s), population 207 customer-authored sys_script records. No per-rule test or instance validation recorded."
platform,PLT-050,Built,Built on the text_analysis engine (health/platform/rules).,Tested on PDI,"techsnitchpvtltddemo2.service-now.com 2026-09-27 (non-customer instance, read-only): evaluated, verdict fail, 1 finding(s), population 212 customer-authored sys_script records. Unit-tested (health-platform-catalogue.test.js); no per-rule instance validation recorded."
platform,PLT-051,Built,Built on the record_predicate engine (health/platform/rules).,Tested on PDI,"techsnitchpvtltddemo2.service-now.com 2026-09-27 (non-customer instance, read-only): evaluated, verdict fail, 1 finding(s), population 212 customer-authored sys_script records. No per-rule test or instance validation recorded."
platform,PLT-052,Built,Built on the aggregate engine (health/platform/rules).,Tested on PDI,"techsnitchpvtltddemo2.service-now.com 2026-09-27 (non-customer instance, read-only): evaluated, verdict fail, 1 finding(s), population 374 sys_script scripts in the Slow Scripts log. Unit-tested (health-platform-catalogue.test.js); no per-rule instance validation recorded."
platform,PLT-053,Deferred,"Configured on the aggregate engine; unavailable by declaration: per-rule execution counts and error attribution — the platform keeps no per-rule execution log the workbook names, and syslog entries are not attributed to their rule.",Not Tested,"techsnitchpvtltddemo2.service-now.com 2026-09-27 (non-customer instance, read-only): unavailable (undefined_dependency). No per-rule test or instance validation recorded."
platform,PLT-054,Deferred,"Configured on the aggregate engine; unavailable by declaration: per-rule execution counts and error attribution — the platform keeps no per-rule execution log the workbook names, and syslog entries are not attributed to their rule.",Not Tested,"techsnitchpvtltddemo2.service-now.com 2026-09-27 (non-customer instance, read-only): unavailable (undefined_dependency). No per-rule test or instance validation recorded."
platform,PLT-055,Not Started,"Fully defined; evaluator not built yet: table volume and update frequency per table (both thresholds ""configurable"").",Not Tested,"techsnitchpvtltddemo2.service-now.com 2026-09-27 (non-customer instance, read-only): unavailable (not_built). No per-rule test or instance validation recorded."
platform,PLT-056,Deferred,"Configured on the aggregate engine; unavailable by declaration: per-rule execution counts and error attribution — the platform keeps no per-rule execution log the workbook names, and syslog entries are not attributed to their rule.",Not Tested,"techsnitchpvtltddemo2.service-now.com 2026-09-27 (non-customer instance, read-only): unavailable (undefined_dependency). No per-rule test or instance validation recorded."
platform,PLT-057,Deferred,"Configured on the temporal_correlation engine; unavailable by declaration: script attribution in slow transactions and per-query cost — syslog_transaction records a transaction, not which rule or widget spent its time.",Not Tested,"techsnitchpvtltddemo2.service-now.com 2026-09-27 (non-customer instance, read-only): unavailable (undefined_dependency). No per-rule test or instance validation recorded."
platform,PLT-058,Deferred,"Configured on the configuration engine; unavailable by declaration: ""ownership inference"" of a table by a scoped application — not defined.",Not Tested,"techsnitchpvtltddemo2.service-now.com 2026-09-27 (non-customer instance, read-only): unavailable (undefined_dependency). No per-rule test or instance validation recorded."
platform,PLT-059,Built,Built on the configuration engine (health/platform/rules).,Tested on PDI,"techsnitchpvtltddemo2.service-now.com 2026-09-27 (non-customer instance, read-only): evaluated, verdict fail, 1 finding(s), population 197 active customer-created business rules. Unit-tested (health-platform-catalogue.test.js); no per-rule instance validation recorded."
platform,PLT-060,Deferred,"Configured on the configuration engine; unavailable by declaration: the ""deployment windows"" a creation timestamp falls outside — not defined.",Not Tested,"techsnitchpvtltddemo2.service-now.com 2026-09-27 (non-customer instance, read-only): unavailable (undefined_dependency). No per-rule test or instance validation recorded."
platform,PLT-061,Built,Built on the reference_integrity engine (health/platform/rules).,Not Tested,"techsnitchpvtltddemo2.service-now.com 2026-09-27 (non-customer instance, read-only): evaluated / inconclusive. No per-rule test or instance validation recorded."
platform,PLT-062,Deferred,Configured on the linkage engine; unavailable by declaration: the link from an update set to its change request — not a platform field.,Not Tested,"techsnitchpvtltddemo2.service-now.com 2026-09-27 (non-customer instance, read-only): unavailable (undefined_dependency). No per-rule test or instance validation recorded."
platform,PLT-063,Built,Built on the configuration engine (health/platform/rules).,Tested on PDI,"techsnitchpvtltddemo2.service-now.com 2026-09-27 (non-customer instance, read-only): evaluated, verdict fail, 1 finding(s), population 213 customer-created sys_script records. Unit-tested (health-platform-catalogue.test.js); no per-rule instance validation recorded."
platform,PLT-064,Built,Built on the aggregate engine (health/platform/rules).,Not Tested,"techsnitchpvtltddemo2.service-now.com 2026-09-27 (non-customer instance, read-only): evaluated / inconclusive. Unit-tested (health-platform-catalogue.test.js); no per-rule instance validation recorded."
platform,PLT-065,Built,Built on the configuration engine (health/platform/rules).,Tested on PDI,"techsnitchpvtltddemo2.service-now.com 2026-09-27 (non-customer instance, read-only): evaluated, verdict fail, 1 finding(s), population 39 customer-authored client-callable includes. Unit-tested (health-platform-catalogue.test.js); no per-rule instance validation recorded."
platform,PLT-066,Built,Built on the configuration engine (health/platform/rules).,Tested on PDI,"techsnitchpvtltddemo2.service-now.com 2026-09-27 (non-customer instance, read-only): evaluated, verdict fail, 1 finding(s), population 16 customer includes accessible from all scopes. Unit-tested (health-platform-catalogue.test.js); no per-rule instance validation recorded."
platform,PLT-067,Deferred,"Configured on the text_analysis engine; unavailable by declaration: an operation classification (async-appropriate operations, UI-policy-expressible actions, privileged operations) — ""configurable"", no default.",Not Tested,"techsnitchpvtltddemo2.service-now.com 2026-09-27 (non-customer instance, read-only): unavailable (undefined_dependency). No per-rule test or instance validation recorded."
platform,PLT-068,Built,Built on the text_analysis engine (health/platform/rules).,Tested on PDI,"techsnitchpvtltddemo2.service-now.com 2026-09-27 (non-customer instance, read-only): evaluated, verdict fail, 1 finding(s), population 116 customer includes with a body. Unit-tested (health-platform-catalogue.test.js); no per-rule instance validation recorded."
platform,PLT-069,Built,Built on the text_analysis engine (health/platform/rules).,Tested on PDI,"techsnitchpvtltddemo2.service-now.com 2026-09-27 (non-customer instance, read-only): evaluated, verdict fail, 1 finding(s), population 14 customer includes older than 180 days. Unit-tested (health-platform-catalogue.test.js); no per-rule instance validation recorded."
platform,PLT-070,Built,Built on the text_analysis engine (health/platform/rules).,Tested on PDI,"techsnitchpvtltddemo2.service-now.com 2026-09-27 (non-customer instance, read-only): evaluated, verdict fail, 1 finding(s), population 116 customer-authored sys_script_include records. No per-rule test or instance validation recorded."
platform,PLT-071,Built,Built on the relationship_graph engine (health/platform/rules).,Not Tested,"techsnitchpvtltddemo2.service-now.com 2026-09-27 (non-customer instance, read-only): evaluated / inconclusive. Unit-tested (health-platform-catalogue.test.js); no per-rule instance validation recorded."
platform,PLT-072,Built,Built on the text_analysis engine (health/platform/rules).,Tested on PDI,"techsnitchpvtltddemo2.service-now.com 2026-09-27 (non-customer instance, read-only): evaluated, verdict fail, 1 finding(s), population 116 customer-authored sys_script_include records. No per-rule test or instance validation recorded."
platform,PLT-073,Deferred,"Configured on the text_analysis engine; unavailable by declaration: per-rule execution counts and error attribution — the platform keeps no per-rule execution log the workbook names, and syslog entries are not attributed to their rule.",Not Tested,"techsnitchpvtltddemo2.service-now.com 2026-09-27 (non-customer instance, read-only): unavailable (undefined_dependency). No per-rule test or instance validation recorded."
platform,PLT-074,Built,Built on the configuration engine (health/platform/rules).,Tested on PDI,"techsnitchpvtltddemo2.service-now.com 2026-09-27 (non-customer instance, read-only): evaluated, verdict pass, 0 finding(s), population 118 customer-created sys_script_include records. Unit-tested (health-platform-catalogue.test.js); no per-rule instance validation recorded."
platform,PLT-075,Built,Built on the text_analysis engine (health/platform/rules).,Tested on PDI,"techsnitchpvtltddemo2.service-now.com 2026-09-27 (non-customer instance, read-only): evaluated, verdict pass, 0 finding(s), population 55 customer-authored sys_script_client records. No per-rule test or instance validation recorded."
platform,PLT-076,Built,Built on the text_analysis engine (health/platform/rules).,Tested on PDI,"techsnitchpvtltddemo2.service-now.com 2026-09-27 (non-customer instance, read-only): evaluated, verdict pass, 0 finding(s), population 55 customer-authored sys_script_client records. No per-rule test or instance validation recorded."
platform,PLT-077,Built,Built on the text_analysis engine (health/platform/rules).,Tested on PDI,"techsnitchpvtltddemo2.service-now.com 2026-09-27 (non-customer instance, read-only): evaluated, verdict fail, 1 finding(s), population 9 customer-authored sys_script_client records. No per-rule test or instance validation recorded."
platform,PLT-078,Deferred,"Configured on the text_analysis engine; unavailable by declaration: an operation classification (async-appropriate operations, UI-policy-expressible actions, privileged operations) — ""configurable"", no default.",Not Tested,"techsnitchpvtltddemo2.service-now.com 2026-09-27 (non-customer instance, read-only): unavailable (undefined_dependency). No per-rule test or instance validation recorded."
platform,PLT-079,Built,Built on the aggregate engine (health/platform/rules).,Tested on PDI,"techsnitchpvtltddemo2.service-now.com 2026-09-27 (non-customer instance, read-only): evaluated, verdict pass, 0 finding(s), population 25 table fields with a customer-authored onChange script. Unit-tested (health-platform-catalogue.test.js); no per-rule instance validation recorded."
platform,PLT-080,Built,Built on the record_predicate engine (health/platform/rules).,Tested on PDI,"techsnitchpvtltddemo2.service-now.com 2026-09-27 (non-customer instance, read-only): evaluated, verdict fail, 1 finding(s), population 55 customer-authored sys_script_client records. No per-rule test or instance validation recorded."
platform,PLT-081,Built,Built on the text_analysis engine (health/platform/rules).,Tested on PDI,"techsnitchpvtltddemo2.service-now.com 2026-09-27 (non-customer instance, read-only): evaluated, verdict fail, 1 finding(s), population 42 active customer client scripts. Unit-tested (health-platform-catalogue.test.js); no per-rule instance validation recorded."
platform,PLT-082,Deferred,Configured on the text_analysis engine; unavailable by declaration: the deprecated API set per UI framework version — external reference data.,Not Tested,"techsnitchpvtltddemo2.service-now.com 2026-09-27 (non-customer instance, read-only): unavailable (undefined_dependency). No per-rule test or instance validation recorded."
platform,PLT-083,Built,Built on the configuration engine (health/platform/rules).,Tested on PDI,"techsnitchpvtltddemo2.service-now.com 2026-09-27 (non-customer instance, read-only): evaluated, verdict fail, 1 finding(s), population 6 customer onSubmit validations. Unit-tested (health-platform-catalogue.test.js); no per-rule instance validation recorded."
platform,PLT-084,Built,Built on the configuration engine (health/platform/rules).,Tested on PDI,"techsnitchpvtltddemo2.service-now.com 2026-09-27 (non-customer instance, read-only): evaluated, verdict fail, 1 finding(s), population 30 fields made mandatory by a customer-authored UI policy. No per-rule test or instance validation recorded."
platform,PLT-085,Built,Built on the configuration engine (health/platform/rules).,Tested on PDI,"techsnitchpvtltddemo2.service-now.com 2026-09-27 (non-customer instance, read-only): evaluated, verdict fail, 1 finding(s), population 7082 fields with active UI policy actions. Unit-tested (health-platform-catalogue.test.js); no per-rule instance validation recorded."
platform,PLT-086,Built,Built on the record_predicate engine (health/platform/rules).,Tested on PDI,"techsnitchpvtltddemo2.service-now.com 2026-09-27 (non-customer instance, read-only): evaluated, verdict pass, 0 finding(s), population 24 customer-authored sys_data_policy2 records (summed over variants). No per-rule test or instance validation recorded."
platform,PLT-087,Deferred,"Configured on the configuration engine; unavailable by declaration: an operation classification (async-appropriate operations, UI-policy-expressible actions, privileged operations) — ""configurable"", no default.",Not Tested,"techsnitchpvtltddemo2.service-now.com 2026-09-27 (non-customer instance, read-only): unavailable (undefined_dependency). No per-rule test or instance validation recorded."
platform,PLT-088,Built,Built on the record_predicate engine (health/platform/rules).,Tested on PDI,"techsnitchpvtltddemo2.service-now.com 2026-09-27 (non-customer instance, read-only): evaluated, verdict fail, 1 finding(s), population 60 customer-authored sys_ui_policy records. No per-rule test or instance validation recorded."
platform,PLT-089,Deferred,Configured on the configuration engine; unavailable by declaration: process documentation or a control register that references a data policy — not established.,Not Tested,"techsnitchpvtltddemo2.service-now.com 2026-09-27 (non-customer instance, read-only): unavailable (undefined_dependency). No per-rule test or instance validation recorded."
platform,PLT-090,Built,Built on the configuration engine (health/platform/rules).,Tested on PDI,"techsnitchpvtltddemo2.service-now.com 2026-09-27 (non-customer instance, read-only): evaluated, verdict fail, 1 finding(s), population 30 fields made mandatory by a customer-authored UI policy. No per-rule test or instance validation recorded."
platform,PLT-091,Deferred,"Configured on the composite engine; unavailable by declaration: an overlap analysis of trigger conditions and target fields across rules, workflows and flows — not defined.",Not Tested,"techsnitchpvtltddemo2.service-now.com 2026-09-27 (non-customer instance, read-only): unavailable (undefined_dependency). No per-rule test or instance validation recorded."
platform,PLT-092,Deferred,"Configured on the configuration engine; unavailable by declaration: the ""equivalence assessment by function and trigger"" between a workflow and a flow — not defined.",Not Tested,"techsnitchpvtltddemo2.service-now.com 2026-09-27 (non-customer instance, read-only): unavailable (undefined_dependency). No per-rule test or instance validation recorded."
platform,PLT-093,Built,Built on the configuration engine (health/platform/rules).,Tested on PDI,"techsnitchpvtltddemo2.service-now.com 2026-09-27 (non-customer instance, read-only): evaluated, verdict fail, 1 finding(s), population 3 active workflows on a table. Unit-tested (health-platform-catalogue.test.js); no per-rule instance validation recorded."
platform,PLT-094,Built,Built on the configuration engine (health/platform/rules).,Tested on PDI,"techsnitchpvtltddemo2.service-now.com 2026-09-27 (non-customer instance, read-only): evaluated, verdict fail, 1 finding(s), population 97 active customer-created flows and subflows. Unit-tested (health-platform-catalogue.test.js); no per-rule instance validation recorded."
platform,PLT-095,Built,Built on the reference_integrity engine (health/platform/rules).,Tested on PDI,"techsnitchpvtltddemo2.service-now.com 2026-09-27 (non-customer instance, read-only): evaluated, verdict fail, 1 finding(s), population 1371 active flows. Unit-tested (health-platform-catalogue.test.js); no per-rule instance validation recorded."
platform,PLT-096,Built,Built on the record_predicate engine (health/platform/rules).,Not Tested,"techsnitchpvtltddemo2.service-now.com 2026-09-27 (non-customer instance, read-only): evaluated / inconclusive. No per-rule test or instance validation recorded."
platform,PLT-097,Built,Built on the aggregate engine (health/platform/rules).,Tested on PDI,"techsnitchpvtltddemo2.service-now.com 2026-09-27 (non-customer instance, read-only): evaluated, verdict fail, 41 finding(s), population 78076 sys_flow_context records. No per-rule test or instance validation recorded."
platform,PLT-098,Not Started,Fully defined; evaluator not built yet: reading record-created triggers and their conditions (sys_hub_trigger_instance).,Not Tested,"techsnitchpvtltddemo2.service-now.com 2026-09-27 (non-customer instance, read-only): unavailable (not_built). No per-rule test or instance validation recorded."
platform,PLT-099,Built,Built on the relationship_graph engine (health/platform/rules).,Tested on PDI,"techsnitchpvtltddemo2.service-now.com 2026-09-27 (non-customer instance, read-only): evaluated, verdict fail, 1 finding(s), population 253 flows that call a subflow. Unit-tested (health-platform-catalogue.test.js); no per-rule instance validation recorded."
platform,PLT-100,Built,Built on the text_analysis engine (health/platform/rules).,Not Tested,"techsnitchpvtltddemo2.service-now.com 2026-09-27 (non-customer instance, read-only): evaluated / inconclusive. Unit-tested (health-platform-catalogue.test.js); no per-rule instance validation recorded."
platform,PLT-101,Built,Built on the reference_integrity engine (health/platform/rules).,Tested on PDI,"techsnitchpvtltddemo2.service-now.com 2026-09-27 (non-customer instance, read-only): evaluated, verdict fail, 1 finding(s), population 110 customer-authored sys_hub_flow records. No per-rule test or instance validation recorded."
platform,PLT-102,Built,Built on the configuration engine (health/platform/rules).,Tested on PDI,"techsnitchpvtltddemo2.service-now.com 2026-09-27 (non-customer instance, read-only): evaluated, verdict fail, 1 finding(s), population 102 customer-created active flows and subflows. Unit-tested (health-platform-catalogue.test.js); no per-rule instance validation recorded."
platform,PLT-103,Built,Built on the aggregate engine (health/platform/rules).,Tested on PDI,"techsnitchpvtltddemo2.service-now.com 2026-09-27 (non-customer instance, read-only): evaluated, verdict pass, 0 finding(s), population 3 workflow groups. No per-rule test or instance validation recorded."
platform,PLT-104,Deferred,"Configured on the configuration engine; unavailable by declaration: flow step types and execution mode, and which triggers are ""user-facing"" — not established.",Not Tested,"techsnitchpvtltddemo2.service-now.com 2026-09-27 (non-customer instance, read-only): unavailable (undefined_dependency). No per-rule test or instance validation recorded."
platform,PLT-105,Built,"Built on the aggregate engine; unconfigured until instance parameter value(s) are set: max_age, growth.",Not Tested,"techsnitchpvtltddemo2.service-now.com 2026-09-27 (non-customer instance, read-only): unconfigured (unconfigured_parameter). Unit-tested (health-platform-catalogue.test.js); no per-rule instance validation recorded."
platform,PLT-106,Built,Built on the configuration engine (health/platform/rules).,Not Tested,"techsnitchpvtltddemo2.service-now.com 2026-09-27 (non-customer instance, read-only): evaluated / inconclusive. Unit-tested (health-platform-catalogue.test.js); no per-rule instance validation recorded."
platform,PLT-107,Not Started,Fully defined; evaluator not built yet: expanding every schedule into run windows and counting concurrent jobs.,Not Tested,"techsnitchpvtltddemo2.service-now.com 2026-09-27 (non-customer instance, read-only): unavailable (not_built). No per-rule test or instance validation recorded."
platform,PLT-108,Built,Built on the text_analysis engine (health/platform/rules).,Not Tested,"techsnitchpvtltddemo2.service-now.com 2026-09-27 (non-customer instance, read-only): evaluated / inconclusive. Unit-tested (health-platform-catalogue.test.js); no per-rule instance validation recorded."
platform,PLT-109,Deferred,"Configured on the aggregate engine; unavailable by declaration: a job's run-duration history — sys_trigger keeps the last run only (verified, Phase 6).",Not Tested,"techsnitchpvtltddemo2.service-now.com 2026-09-27 (non-customer instance, read-only): unavailable (undefined_dependency). No per-rule test or instance validation recorded."
platform,PLT-110,Built,Built on the aggregate engine (health/platform/rules).,Not Tested,"techsnitchpvtltddemo2.service-now.com 2026-09-27 (non-customer instance, read-only): evaluated / inconclusive. No per-rule test or instance validation recorded."
platform,PLT-111,Built,Built on the linkage engine (health/platform/rules).,Tested on PDI,"techsnitchpvtltddemo2.service-now.com 2026-09-27 (non-customer instance, read-only): evaluated, verdict fail, 1 finding(s), population 1081 scheduled jobs. Unit-tested (health-platform-catalogue.test.js); no per-rule instance validation recorded."
platform,PLT-112,Built,Built on the text_analysis engine (health/platform/rules).,Tested on PDI,"techsnitchpvtltddemo2.service-now.com 2026-09-27 (non-customer instance, read-only): evaluated, verdict pass, 0 finding(s), population 21 customer-authored sysauto_script records. No per-rule test or instance validation recorded."
platform,PLT-113,Built,Built on the reference_integrity engine (health/platform/rules).,Not Tested,"techsnitchpvtltddemo2.service-now.com 2026-09-27 (non-customer instance, read-only): evaluated / inconclusive. No per-rule test or instance validation recorded."
platform,PLT-114,Deferred,"Configured on the configuration engine; unavailable by declaration: a job's output consumption (""depends on the job type; state the method"") — no method is given.",Not Tested,"techsnitchpvtltddemo2.service-now.com 2026-09-27 (non-customer instance, read-only): unavailable (undefined_dependency). No per-rule test or instance validation recorded."
platform,PLT-115,Built,Built on the record_predicate engine (health/platform/rules).,Tested on PDI,"techsnitchpvtltddemo2.service-now.com 2026-09-27 (non-customer instance, read-only): evaluated, verdict fail, 1 finding(s), population 367 sysevent records. No per-rule test or instance validation recorded."
platform,PLT-116,Built,Built on the linkage engine (health/platform/rules).,Tested on PDI,"techsnitchpvtltddemo2.service-now.com 2026-09-27 (non-customer instance, read-only): evaluated, verdict fail, 1 finding(s), population 128 registered events that fired. Unit-tested (health-platform-catalogue.test.js); no per-rule instance validation recorded."
platform,PLT-117,Built,Built on the aggregate engine (health/platform/rules).,Tested on PDI,"techsnitchpvtltddemo2.service-now.com 2026-09-27 (non-customer instance, read-only): evaluated, verdict fail, 1 finding(s), population 392245 sysevent records. No per-rule test or instance validation recorded."
platform,PLT-118,Built,Built on the aggregate engine; unconfigured until instance parameter value(s) are set: max_backlog.,Not Tested,"techsnitchpvtltddemo2.service-now.com 2026-09-27 (non-customer instance, read-only): unconfigured (unconfigured_parameter). Unit-tested (health-rulebook-changes.test.js); no per-rule instance validation recorded."
platform,PLT-119,Built,Built on the aggregate engine (health/platform/rules).,Not Tested,"techsnitchpvtltddemo2.service-now.com 2026-09-27 (non-customer instance, read-only): evaluated / inconclusive. Unit-tested (health-platform-catalogue.test.js); no per-rule instance validation recorded."
platform,PLT-120,Built,Built on the aggregate engine (health/platform/rules).,Tested on PDI,"techsnitchpvtltddemo2.service-now.com 2026-09-27 (non-customer instance, read-only): evaluated, verdict fail, 1 finding(s), population 1 estate. No per-rule test or instance validation recorded."
platform,PLT-121,Built,Built on the configuration engine (health/platform/rules).,Tested on PDI,"techsnitchpvtltddemo2.service-now.com 2026-09-27 (non-customer instance, read-only): evaluated, verdict pass, 0 finding(s), population 791 customer-authored ACLs. Unit-tested (health-platform-catalogue.test.js); no per-rule instance validation recorded."
platform,PLT-122,Built,Built on the configuration engine (health/platform/rules).,Tested on PDI,"techsnitchpvtltddemo2.service-now.com 2026-09-27 (non-customer instance, read-only): evaluated, verdict fail, 1 finding(s), population 190 custom tables. Unit-tested (health-platform-catalogue.test.js); no per-rule instance validation recorded."
platform,PLT-123,Deferred,"Configured on the temporal_correlation engine; unavailable by declaration: the approval / change correlation window (""configurable"") and the elevated role set.",Not Tested,"techsnitchpvtltddemo2.service-now.com 2026-09-27 (non-customer instance, read-only): unavailable (undefined_dependency). No per-rule test or instance validation recorded."
platform,PLT-124,Deferred,"Configured on the relationship_graph engine; unavailable by declaration: when an elevated role is ""not evident from the role name or description"" — not defined.",Not Tested,"techsnitchpvtltddemo2.service-now.com 2026-09-27 (non-customer instance, read-only): unavailable (undefined_dependency). No per-rule test or instance validation recorded."
platform,PLT-125,Built,Built on the text_analysis engine (health/platform/rules).,Tested on PDI,"techsnitchpvtltddemo2.service-now.com 2026-09-27 (non-customer instance, read-only): evaluated, verdict pass, 0 finding(s), population 330 customer-authored sys_security_acl records. No per-rule test or instance validation recorded."
platform,PLT-126,Built,Built on the configuration engine (health/platform/rules).,Not Tested,"techsnitchpvtltddemo2.service-now.com 2026-09-27 (non-customer instance, read-only): evaluated / inconclusive. Unit-tested (health-platform-catalogue.test.js); no per-rule instance validation recorded."
platform,PLT-127,Built,Built on the configuration engine (health/platform/rules).,Tested on PDI,"techsnitchpvtltddemo2.service-now.com 2026-09-27 (non-customer instance, read-only): evaluated, verdict fail, 1 finding(s), population 52 personal-data fields. Unit-tested (health-platform-catalogue.test.js); no per-rule instance validation recorded."
platform,PLT-128,Built,Built on the configuration engine (health/platform/rules).,Tested on PDI,"techsnitchpvtltddemo2.service-now.com 2026-09-27 (non-customer instance, read-only): evaluated, verdict fail, 1 finding(s), population 29 table-level read ACLs on tables holding personal data. Unit-tested (health-platform-catalogue.test.js); no per-rule instance validation recorded."
platform,PLT-129,Built,Built on the aggregate engine (health/platform/rules).,Tested on PDI,"techsnitchpvtltddemo2.service-now.com 2026-09-27 (non-customer instance, read-only): evaluated, verdict fail, 1 finding(s), population 95906 sys_user_has_role records (summed over variants). No per-rule test or instance validation recorded."
platform,PLT-130,Built,Built on the record_predicate engine (health/platform/rules).,Tested on PDI,"techsnitchpvtltddemo2.service-now.com 2026-09-27 (non-customer instance, read-only): evaluated, verdict fail, 1 finding(s), population 14 sys_user records. No per-rule test or instance validation recorded."
platform,PLT-131,Built,Built on the aggregate engine; unconfigured until instance parameter value(s) are set: direct_share.,Not Tested,"techsnitchpvtltddemo2.service-now.com 2026-09-27 (non-customer instance, read-only): unconfigured (unconfigured_parameter). No per-rule test or instance validation recorded."
platform,PLT-132,Built,Built on the configuration engine (health/platform/rules).,Tested on PDI,"techsnitchpvtltddemo2.service-now.com 2026-09-27 (non-customer instance, read-only): evaluated, verdict fail, 1 finding(s), population 86 customer-authored roles. No per-rule test or instance validation recorded."
platform,PLT-133,Built,Built on the configuration engine (health/platform/rules).,Not Tested,"techsnitchpvtltddemo2.service-now.com 2026-09-27 (non-customer instance, read-only): evaluated / inconclusive. No per-rule test or instance validation recorded."
platform,PLT-134,Deferred,"Configured on the configuration engine; unavailable by declaration: recertification or attestation records for role and group grants, and the review period ""from policy"" — not established.",Not Tested,"techsnitchpvtltddemo2.service-now.com 2026-09-27 (non-customer instance, read-only): unavailable (undefined_dependency). Unit-tested (health-itil-catalogue.test.js); no per-rule instance validation recorded."
platform,PLT-135,Built,Built on the configuration engine (health/platform/rules).,Not Tested,"techsnitchpvtltddemo2.service-now.com 2026-09-27 (non-customer instance, read-only): evaluated / inconclusive. Unit-tested (health-platform-catalogue.test.js); no per-rule instance validation recorded."
platform,PLT-136,Built,Built on the aggregate engine (health/platform/rules).,Tested on PDI,"techsnitchpvtltddemo2.service-now.com 2026-09-27 (non-customer instance, read-only): evaluated, verdict fail, 1 finding(s), population 23 impersonation.start events. Unit-tested (health-platform-catalogue.test.js); no per-rule instance validation recorded."
platform,PLT-137,Built,Built on the configuration engine (health/platform/rules).,Tested on PDI,"techsnitchpvtltddemo2.service-now.com 2026-09-27 (non-customer instance, read-only): evaluated, verdict fail, 1 finding(s), population 22 integration accounts. Unit-tested (health-platform-catalogue.test.js); no per-rule instance validation recorded."
platform,PLT-138,Built,Built on the record_predicate engine (health/platform/rules).,Tested on PDI,"techsnitchpvtltddemo2.service-now.com 2026-09-27 (non-customer instance, read-only): evaluated, verdict fail, 2 finding(s), population 21 sys_rest_message records (summed over variants). No per-rule test or instance validation recorded."
platform,PLT-139,Built,Built on the record_predicate engine (health/platform/rules).,Not Tested,"techsnitchpvtltddemo2.service-now.com 2026-09-27 (non-customer instance, read-only): evaluated / inconclusive. No per-rule test or instance validation recorded."
platform,PLT-140,Deferred,"Configured on the configuration engine; unavailable by declaration: inbound integration write paths (which inbound API writes which table, through IRE or not) — not established.",Not Tested,"techsnitchpvtltddemo2.service-now.com 2026-09-27 (non-customer instance, read-only): unavailable (undefined_dependency). No per-rule test or instance validation recorded."
platform,PLT-141,Deferred,Configured on the configuration engine; unavailable by declaration: integration retry and error-handling configuration — not a platform field of REST or SOAP messages; ownership OWN-009 has no owner yet.,Not Tested,"techsnitchpvtltddemo2.service-now.com 2026-09-27 (non-customer instance, read-only): unavailable (undefined_dependency). No per-rule test or instance validation recorded."
platform,PLT-142,Built,Built on the aggregate engine (health/platform/rules).,Tested on PDI,"techsnitchpvtltddemo2.service-now.com 2026-09-27 (non-customer instance, read-only): evaluated, verdict fail, 1 finding(s), population 15 integrations (outbound hosts). Unit-tested (health-platform-catalogue.test.js); no per-rule instance validation recorded."
platform,PLT-143,Deferred,"Configured on the configuration engine; unavailable by declaration: which rate-limit rule covers which inbound integration — rate limits match by resource and user, and the matching is not defined.",Not Tested,"techsnitchpvtltddemo2.service-now.com 2026-09-27 (non-customer instance, read-only): unavailable (undefined_dependency). No per-rule test or instance validation recorded."
platform,PLT-144,Built,Built on the record_predicate engine (health/platform/rules).,Tested on PDI,"techsnitchpvtltddemo2.service-now.com 2026-09-27 (non-customer instance, read-only): evaluated, verdict fail, 3 finding(s), population 11 sys_rest_message records (summed over variants). Unit-tested (health-platform-catalogue.test.js); no per-rule instance validation recorded."
platform,PLT-145,Built,Built on the configuration engine (health/platform/rules).,Tested on PDI,"techsnitchpvtltddemo2.service-now.com 2026-09-27 (non-customer instance, read-only): evaluated, verdict fail, 1 finding(s), population 51 OAuth configurations. Unit-tested (health-platform-catalogue.test.js); no per-rule instance validation recorded."
platform,PLT-146,Deferred,Configured on the configuration engine; unavailable by declaration: integration write paths and workflow suppression per integration — not established.,Not Tested,"techsnitchpvtltddemo2.service-now.com 2026-09-27 (non-customer instance, read-only): unavailable (undefined_dependency). No per-rule test or instance validation recorded."
platform,PLT-147,Deferred,Configured on the aggregate engine; object not yet verified: the platform object(s) integration_outcomes are not established on a verified instance.,Not Tested,"techsnitchpvtltddemo2.service-now.com 2026-09-27 (non-customer instance, read-only): unavailable (undefined_object). No per-rule test or instance validation recorded."
platform,PLT-148,Built,Built on the configuration engine (health/platform/rules).,Tested on PDI,"techsnitchpvtltddemo2.service-now.com 2026-09-27 (non-customer instance, read-only): evaluated, verdict fail, 1 finding(s), population 91 REST message functions. Unit-tested (health-platform-catalogue.test.js); no per-rule instance validation recorded."
platform,PLT-149,Not Started,Fully defined; evaluator not built yet: row counts per import set table and the cleanup job configuration.,Not Tested,"techsnitchpvtltddemo2.service-now.com 2026-09-27 (non-customer instance, read-only): unavailable (not_built). No per-rule test or instance validation recorded."
platform,PLT-150,Built,Built on the configuration engine (health/platform/rules).,Tested on PDI,"techsnitchpvtltddemo2.service-now.com 2026-09-27 (non-customer instance, read-only): evaluated, verdict fail, 1 finding(s), population 182 transform maps. Unit-tested (health-platform-catalogue.test.js); no per-rule instance validation recorded."
platform,PLT-151,Deferred,"Configured on the aggregate engine; unavailable by declaration: transform script errors attributed to their map, relative to row volume — not established.",Not Tested,"techsnitchpvtltddemo2.service-now.com 2026-09-27 (non-customer instance, read-only): unavailable (undefined_dependency). No per-rule test or instance validation recorded."
platform,PLT-152,Deferred,"Configured on the configuration engine; unavailable by declaration: data-source credential expiry and authentication outcomes — not fields of sys_data_source (verified, Phase 6).",Not Tested,"techsnitchpvtltddemo2.service-now.com 2026-09-27 (non-customer instance, read-only): unavailable (undefined_dependency). No per-rule test or instance validation recorded."
platform,PLT-153,Built,Built on the reference_integrity engine (health/platform/rules).,Not Tested,"techsnitchpvtltddemo2.service-now.com 2026-09-27 (non-customer instance, read-only): evaluated / inconclusive. Unit-tested (health-itil-catalogue.test.js); no per-rule instance validation recorded."
platform,PLT-154,Built,Built on the configuration engine (health/platform/rules).,Not Tested,"techsnitchpvtltddemo2.service-now.com 2026-09-27 (non-customer instance, read-only): unavailable (undefined_table). No per-rule test or instance validation recorded."
platform,PLT-155,Built,Built on the aggregate engine (health/platform/rules).,Not Tested,"techsnitchpvtltddemo2.service-now.com 2026-09-27 (non-customer instance, read-only): evaluated / inconclusive. Unit-tested (health-platform-catalogue.test.js); no per-rule instance validation recorded."
platform,PLT-156,Deferred,Configured on the configuration engine; unavailable by declaration: ServiceNow's own change frequency per object across releases — external reference data.,Not Tested,"techsnitchpvtltddemo2.service-now.com 2026-09-27 (non-customer instance, read-only): unavailable (undefined_dependency). No per-rule test or instance validation recorded."
platform,PLT-157,Deferred,Configured on the configuration engine; unavailable by declaration: the CURRENT ServiceNow release family — external reference data.,Not Tested,"techsnitchpvtltddemo2.service-now.com 2026-09-27 (non-customer instance, read-only): unavailable (undefined_dependency). No per-rule test or instance validation recorded."
platform,PLT-158,Deferred,"Configured on the configuration engine; unavailable by declaration: a ""coherent functional group suitable for a scoped application"" — not defined.",Not Tested,"techsnitchpvtltddemo2.service-now.com 2026-09-27 (non-customer instance, read-only): unavailable (undefined_dependency). No per-rule test or instance validation recorded."
platform,PLT-159,Deferred,"Configured on the configuration engine; unavailable by declaration: ""usage that exercises the inherited capabilities"" — not defined.",Not Tested,"techsnitchpvtltddemo2.service-now.com 2026-09-27 (non-customer instance, read-only): unavailable (undefined_dependency). No per-rule test or instance validation recorded."
platform,PLT-160,Built,Built on the aggregate engine (health/platform/rules).,Tested on PDI,"techsnitchpvtltddemo2.service-now.com 2026-09-27 (non-customer instance, read-only): evaluated, verdict fail, 1 finding(s), population 33 custom fields on ServiceNow tables. Unit-tested (health-platform-catalogue.test.js); no per-rule instance validation recorded."
platform,PLT-161,Deferred,"Configured on the configuration engine; unavailable by declaration: semantic matching of a custom field with an OOB field ""from name, type and population correlation"" — no method is given.",Not Tested,"techsnitchpvtltddemo2.service-now.com 2026-09-27 (non-customer instance, read-only): unavailable (undefined_dependency). No per-rule test or instance validation recorded."
platform,PLT-162,Deferred,Configured on the text_analysis engine; unavailable by declaration: the deprecated API list per release — external reference data.,Not Tested,"techsnitchpvtltddemo2.service-now.com 2026-09-27 (non-customer instance, read-only): unavailable (undefined_dependency). No per-rule test or instance validation recorded."
platform,PLT-163,Deferred,Configured on the record_predicate engine; unavailable by declaration: plugin deprecation status — v_plugin has no deprecation field on a verified instance (Phase 6).,Not Tested,"techsnitchpvtltddemo2.service-now.com 2026-09-27 (non-customer instance, read-only): unavailable (undefined_dependency). No per-rule test or instance validation recorded."
platform,PLT-164,Built,Built on the aggregate engine (health/platform/rules).,Tested on PDI,"techsnitchpvtltddemo2.service-now.com 2026-09-27 (non-customer instance, read-only): evaluated, verdict fail, 1 finding(s), population 94009 customer-changed objects. No per-rule test or instance validation recorded."
platform,PLT-165,Built,"Built on the record_predicate engine; unconfigured until instance parameter value(s) are set: open_age, preview_age.",Not Tested,"techsnitchpvtltddemo2.service-now.com 2026-09-27 (non-customer instance, read-only): unconfigured (unconfigured_parameter). No per-rule test or instance validation recorded."
platform,PLT-166,Deferred,Configured on the configuration engine; unavailable by declaration: the creation window and instance indicators that separate a production change from a deployment — not defined.,Not Tested,"techsnitchpvtltddemo2.service-now.com 2026-09-27 (non-customer instance, read-only): unavailable (undefined_dependency). No per-rule test or instance validation recorded."
platform,PLT-167,Deferred,"Configured on the configuration engine; unavailable by declaration: ""breadth assessment from actual usage"" of a cross-scope privilege — not defined.",Not Tested,"techsnitchpvtltddemo2.service-now.com 2026-09-27 (non-customer instance, read-only): unavailable (undefined_dependency). No per-rule test or instance validation recorded."
platform,PLT-168,Deferred,"Configured on the configuration engine; unavailable by declaration: a custom application's owner and source-control link — neither is a field of sys_app (verified, Phase 6).",Not Tested,"techsnitchpvtltddemo2.service-now.com 2026-09-27 (non-customer instance, read-only): unavailable (undefined_dependency). No per-rule test or instance validation recorded."
platform,PLT-169,Built,Built on the aggregate engine (health/platform/rules).,Tested on PDI,"techsnitchpvtltddemo2.service-now.com 2026-09-27 (non-customer instance, read-only): evaluated, verdict fail, 1 finding(s), population 27 custom tables older than 180 days. Unit-tested (health-platform-catalogue.test.js); no per-rule instance validation recorded."
platform,PLT-170,Built,"The same condition as CMDB-120, evaluated there and counted once (D-019).",Not Tested,Unit-tested (health-platform-catalogue.test.js); no per-rule instance validation recorded.
platform,PLT-171,Built,Built on the aggregate engine; unconfigured until instance parameter value(s) are set: window.,Not Tested,"techsnitchpvtltddemo2.service-now.com 2026-09-27 (non-customer instance, read-only): unconfigured (unconfigured_parameter). No per-rule test or instance validation recorded."
platform,PLT-172,Built,Built on the aggregate engine; unconfigured until instance parameter value(s) are set: period.,Not Tested,"techsnitchpvtltddemo2.service-now.com 2026-09-27 (non-customer instance, read-only): unconfigured (unconfigured_parameter). Unit-tested (health-platform-catalogue.test.js); no per-rule instance validation recorded."
platform,PLT-173,Built,Built on the aggregate engine (health/platform/rules).,Not Tested,"techsnitchpvtltddemo2.service-now.com 2026-09-27 (non-customer instance, read-only): evaluated / inconclusive. Unit-tested (health-platform-catalogue.test.js); no per-rule instance validation recorded."
platform,PLT-174,Not Started,Fully defined; evaluator not built yet: row counts across tables and their rotation / archival configuration.,Not Tested,"techsnitchpvtltddemo2.service-now.com 2026-09-27 (non-customer instance, read-only): unavailable (not_built). No per-rule test or instance validation recorded."
platform,PLT-175,Deferred,"Configured on the configuration engine; unavailable by declaration: script attribution in slow transactions and per-query cost — syslog_transaction records a transaction, not which rule or widget spent its time.",Not Tested,"techsnitchpvtltddemo2.service-now.com 2026-09-27 (non-customer instance, read-only): unavailable (undefined_dependency). No per-rule test or instance validation recorded."
platform,PLT-176,Not Started,Fully defined; evaluator not built yet: audit and history table sizes against their rotation configuration.,Not Tested,"techsnitchpvtltddemo2.service-now.com 2026-09-27 (non-customer instance, read-only): unavailable (not_built). No per-rule test or instance validation recorded."
platform,PLT-177,Not Started,Fully defined; evaluator not built yet: attachment storage volume and growth rate.,Not Tested,"techsnitchpvtltddemo2.service-now.com 2026-09-27 (non-customer instance, read-only): unavailable (not_built). No per-rule test or instance validation recorded."
platform,PLT-178,Built,Built on the record_predicate engine (health/platform/rules).,Tested on PDI,"techsnitchpvtltddemo2.service-now.com 2026-09-27 (non-customer instance, read-only): evaluated, verdict fail, 1 finding(s), population 6526 sys_email records. Unit-tested (health-platform-catalogue.test.js); no per-rule instance validation recorded."
platform,PLT-179,Deferred,"Configured on the aggregate engine; unavailable by declaration: semaphore exhaustion events or utilisation — ""where available"", and none is established.",Not Tested,"techsnitchpvtltddemo2.service-now.com 2026-09-27 (non-customer instance, read-only): unavailable (undefined_dependency). No per-rule test or instance validation recorded."
platform,PLT-180,Built,Built on the aggregate engine (health/platform/rules).,Tested on PDI,"techsnitchpvtltddemo2.service-now.com 2026-09-27 (non-customer instance, read-only): evaluated, verdict fail, 1 finding(s), population 105 cancelled transactions. Unit-tested (health-platform-catalogue.test.js); no per-rule instance validation recorded."
platform,PLT-181,Deferred,Configured on the aggregate engine; unavailable by declaration: rows returned per list or report query — not a field of the transaction log.,Not Tested,"techsnitchpvtltddemo2.service-now.com 2026-09-27 (non-customer instance, read-only): unavailable (undefined_dependency). No per-rule test or instance validation recorded."
platform,PLT-182,Deferred,"Configured on the aggregate engine; unavailable by declaration: script attribution in slow transactions and per-query cost — syslog_transaction records a transaction, not which rule or widget spent its time.",Not Tested,"techsnitchpvtltddemo2.service-now.com 2026-09-27 (non-customer instance, read-only): unavailable (undefined_dependency). No per-rule test or instance validation recorded."
platform,PLT-183,Deferred,"Configured on the temporal_correlation engine; unavailable by declaration: when a scheduled report runs, and the instance's peak window ""derived from its own transaction distribution"" — no derivation is given.",Not Tested,"techsnitchpvtltddemo2.service-now.com 2026-09-27 (non-customer instance, read-only): unavailable (undefined_dependency). No per-rule test or instance validation recorded."
data quality,DQ-001,Built,Implemented as CMDB-012 (health/catalogue/cmdb.json).,Not Tested,"Unit-tested (health-enterprise-dq-catalogue.test.js, health-cmdb-completeness.test.js, health-cmdb-drift.test.js, health-cmdb-identification.test.js, health-cmdb-quality.test.js, health-dimensions.test.js); no per-rule instance validation recorded."
data quality,DQ-002,Built,Implemented as CMDB-013 (health/catalogue/cmdb.json).,Not Tested,"Unit-tested (health-cmdb-completeness.test.js, health-cmdb-drift.test.js, health-cmdb-quality.test.js); no per-rule instance validation recorded."
data quality,DQ-003,Built,Implemented as CMDB-140 (health/catalogue/cmdb.json).,Not Tested,"Unit-tested (health-cmdb-completeness.test.js, health-cmdb-quality.test.js, health-rulebook-changes.test.js); no per-rule instance validation recorded."
data quality,DQ-004,Built,Implemented as CMDB-015 (health/catalogue/cmdb.json).,Not Tested,"Unit-tested (health-cmdb-completeness.test.js, health-itsm-closure.test.js); no per-rule instance validation recorded."
data quality,DQ-005,Built,Implemented as CMDB-016 (health/catalogue/cmdb.json).,Not Tested,Unit-tested (health-cmdb-completeness.test.js); no per-rule instance validation recorded.
data quality,DQ-006,Built,Implemented as CMDB-017 (health/catalogue/cmdb.json).,Not Tested,Unit-tested (health-cmdb-completeness.test.js); no per-rule instance validation recorded.
data quality,DQ-007,Built,Implemented as CMDB-014 (health/catalogue/cmdb.json).,Not Tested,Unit-tested (health-cmdb-completeness.test.js); no per-rule instance validation recorded.
data quality,DQ-008,Built,Implemented as CMDB-018 (health/catalogue/cmdb.json).,Not Tested,Unit-tested (health-cmdb-completeness.test.js); no per-rule instance validation recorded.
data quality,DQ-009,Built,Implemented as CMDB-020 (health/catalogue/cmdb.json).,Not Tested,Unit-tested (health-cmdb-completeness.test.js); no per-rule instance validation recorded.
data quality,DQ-010,Built,Implemented as CMDB-019 (health/catalogue/cmdb.json).,Not Tested,Unit-tested (health-cmdb-completeness.test.js); no per-rule instance validation recorded.
data quality,DQ-011,Built,Implemented as CMDB-021 (health/catalogue/cmdb.json).,Not Tested,"Unit-tested (health-cmdb-completeness.test.js, health-cmdb-correctness.test.js, health-cmdb-quality.test.js); no per-rule instance validation recorded."
data quality,DQ-012,Built,Implemented as CMDB-022 (health/catalogue/cmdb.json).,Not Tested,Unit-tested (health-cmdb-completeness.test.js); no per-rule instance validation recorded.
data quality,DQ-013,Built,Implemented as CMDB-025 (health/catalogue/cmdb.json).,Not Tested,Unit-tested (health-cmdb-correctness.test.js); no per-rule instance validation recorded.
data quality,DQ-014,Built,Implemented as CMDB-023 (health/catalogue/cmdb.json).,Not Tested,Unit-tested (health-cmdb-correctness.test.js); no per-rule instance validation recorded.
data quality,DQ-015,Built,Implemented as CMDB-026 (health/catalogue/cmdb.json).,Not Tested,Unit-tested (health-cmdb-correctness.test.js); no per-rule instance validation recorded.
data quality,DQ-016,Built,Implemented as CMDB-028 (health/catalogue/cmdb.json).,Not Tested,Unit-tested (health-cmdb-correctness.test.js); no per-rule instance validation recorded.
data quality,DQ-017,Built,Implemented as CMDB-027 (health/catalogue/cmdb.json).,Not Tested,Unit-tested (health-cmdb-correctness.test.js); no per-rule instance validation recorded.
data quality,DQ-018,Built,Implemented as CMDB-029 (health/catalogue/cmdb.json).,Not Tested,Unit-tested (health-cmdb-correctness.test.js); no per-rule instance validation recorded.
data quality,DQ-019,Built,Implemented as CMDB-030 (health/catalogue/cmdb.json).,Not Tested,Unit-tested (health-cmdb-correctness.test.js); no per-rule instance validation recorded.
data quality,DQ-020,Built,Implemented as CMDB-031 (health/catalogue/cmdb.json).,Not Tested,"Unit-tested (health-cmdb-correctness.test.js, health-dimensions.test.js); no per-rule instance validation recorded."
data quality,DQ-021,Built,Implemented as CMDB-032 (health/catalogue/cmdb.json).,Not Tested,Unit-tested (health-cmdb-correctness.test.js); no per-rule instance validation recorded.
data quality,DQ-022,Built,Implemented as CMDB-033 (health/catalogue/cmdb.json).,Not Tested,"Unit-tested (health-cmdb-quality.test.js, health-cmdb-uniqueness.test.js); no per-rule instance validation recorded."
data quality,DQ-023,Built,Implemented as CMDB-035 (health/catalogue/cmdb.json).,Not Tested,"Unit-tested (health-cmdb-completeness.test.js, health-cmdb-quality.test.js, health-cmdb-uniqueness.test.js); no per-rule instance validation recorded."
data quality,DQ-024,Built,Implemented as CMDB-036 (health/catalogue/cmdb.json).,Not Tested,"Unit-tested (health-cmdb-quality.test.js, health-cmdb-uniqueness.test.js); no per-rule instance validation recorded."
data quality,DQ-025,Built,Implemented as CMDB-037 (health/catalogue/cmdb.json).,Not Tested,Unit-tested (health-cmdb-uniqueness.test.js); no per-rule instance validation recorded.
data quality,DQ-026,Built,Implemented as CMDB-034 (health/catalogue/cmdb.json).,Not Tested,Unit-tested (health-cmdb-uniqueness.test.js); no per-rule instance validation recorded.
data quality,DQ-027,Built,Implemented as CMDB-038 (health/catalogue/cmdb.json).,Not Tested,"Unit-tested (health-cmdb-drift.test.js, health-cmdb-quality.test.js, health-cmdb-uniqueness.test.js); no per-rule instance validation recorded."
data quality,DQ-028,Built,Implemented as CMDB-039 (health/catalogue/cmdb.json).,Not Tested,"Unit-tested (health-cmdb-quality.test.js, health-cmdb-uniqueness.test.js); no per-rule instance validation recorded."
data quality,DQ-029,Built,Implemented as CMDB-040 (health/catalogue/cmdb.json).,Not Tested,Unit-tested (health-cmdb-uniqueness.test.js); no per-rule instance validation recorded.
data quality,DQ-030,Built,Implemented as CMDB-041 (health/catalogue/cmdb.json).,Not Tested,"Unit-tested (health-cmdb-quality.test.js, health-cmdb-uniqueness.test.js); no per-rule instance validation recorded."
data quality,DQ-031,Built,Implemented as CMDB-042 (health/catalogue/cmdb.json).,Not Tested,Unit-tested (health-cmdb-uniqueness.test.js); no per-rule instance validation recorded.
data quality,DQ-032,Built,Implemented as CMDB-044 (health/catalogue/cmdb.json).,Not Tested,"Unit-tested (health-cmdb-correctness.test.js, health-cmdb-identification.test.js); no per-rule instance validation recorded."
data quality,DQ-033,Built,Implemented as CMDB-045 (health/catalogue/cmdb.json).,Not Tested,"Unit-tested (health-cmdb-correctness.test.js, health-cmdb-identification.test.js); no per-rule instance validation recorded."
data quality,DQ-034,Built,Implemented as CMDB-046 (health/catalogue/cmdb.json).,Not Tested,"Unit-tested (health-cmdb-correctness.test.js, health-cmdb-drift.test.js, health-cmdb-identification.test.js, health-cmdb-quality.test.js); no per-rule instance validation recorded."
data quality,DQ-035,Built,Implemented as CMDB-047 (health/catalogue/cmdb.json).,Not Tested,"Unit-tested (health-cmdb-identification.test.js, health-cmdb-quality.test.js); no per-rule instance validation recorded."
data quality,DQ-036,Built,Implemented as CMDB-050 (health/catalogue/cmdb.json).,Not Tested,"Unit-tested (health-cmdb-identification.test.js, health-cmdb-quality.test.js); no per-rule instance validation recorded."
data quality,DQ-037,Built,Implemented as CMDB-053 (health/catalogue/cmdb.json).,Not Tested,Unit-tested (health-cmdb-identification.test.js); no per-rule instance validation recorded.
data quality,DQ-038,Built,Implemented as CMDB-054 (health/catalogue/cmdb.json).,Not Tested,Unit-tested (health-cmdb-identification.test.js); no per-rule instance validation recorded.
data quality,DQ-039,Built,Implemented as CMDB-049 (health/catalogue/cmdb.json).,Not Tested,Unit-tested (health-cmdb-identification.test.js); no per-rule instance validation recorded.
data quality,DQ-040,Built,Implemented as CMDB-048 (health/catalogue/cmdb.json).,Not Tested,Unit-tested (health-cmdb-identification.test.js); no per-rule instance validation recorded.
data quality,DQ-041,Built,Implemented as CMDB-052 (health/catalogue/cmdb.json).,Not Tested,Unit-tested (health-cmdb-identification.test.js); no per-rule instance validation recorded.
data quality,DQ-042,Built,Implemented as CMDB-051 (health/catalogue/cmdb.json).,Not Tested,Unit-tested (health-cmdb-identification.test.js); no per-rule instance validation recorded.
data quality,DQ-043,Built,Implemented as CMDB-055 (health/catalogue/cmdb.json).,Not Tested,Unit-tested (health-cmdb-identification.test.js); no per-rule instance validation recorded.
data quality,DQ-044,Built,Implemented as CMDB-056 (health/catalogue/cmdb.json).,Not Tested,"Unit-tested (health-cmdb-drift.test.js, health-cmdb-quality.test.js, health-cmdb-relationships.test.js); no per-rule instance validation recorded."
data quality,DQ-045,Built,Implemented as CMDB-057 (health/catalogue/cmdb.json).,Not Tested,"Unit-tested (health-cmdb-correctness.test.js, health-cmdb-relationships.test.js); no per-rule instance validation recorded."
data quality,DQ-046,Built,Implemented as CMDB-058 (health/catalogue/cmdb.json).,Not Tested,"Unit-tested (health-cmdb-drift.test.js, health-cmdb-quality.test.js, health-cmdb-relationships.test.js, health-cross-domain-links.test.js, health-rules.test.js); no per-rule instance validation recorded."
data quality,DQ-047,Built,Implemented as CMDB-059 (health/catalogue/cmdb.json).,Not Tested,Unit-tested (health-cmdb-relationships.test.js); no per-rule instance validation recorded.
data quality,DQ-048,Built,Implemented as CMDB-060 (health/catalogue/cmdb.json).,Not Tested,Unit-tested (health-cmdb-relationships.test.js); no per-rule instance validation recorded.
data quality,DQ-049,Built,Implemented as CMDB-061 (health/catalogue/cmdb.json).,Not Tested,Unit-tested (health-cmdb-relationships.test.js); no per-rule instance validation recorded.
data quality,DQ-050,Built,Implemented as CMDB-062 (health/catalogue/cmdb.json).,Not Tested,"Unit-tested (health-cmdb-relationships.test.js, health-rules.test.js); no per-rule instance validation recorded."
data quality,DQ-051,Built,Implemented as CMDB-063 (health/catalogue/cmdb.json).,Not Tested,Unit-tested (health-cmdb-relationships.test.js); no per-rule instance validation recorded.
data quality,DQ-052,Built,Implemented as CMDB-064 (health/catalogue/cmdb.json).,Not Tested,Unit-tested (health-cmdb-relationships.test.js); no per-rule instance validation recorded.
data quality,DQ-053,Built,Implemented as CMDB-065 (health/catalogue/cmdb.json).,Not Tested,Unit-tested (health-cmdb-relationships.test.js); no per-rule instance validation recorded.
data quality,DQ-054,Built,Implemented as CMDB-066 (health/catalogue/cmdb.json).,Not Tested,Unit-tested (health-cmdb-relationships.test.js); no per-rule instance validation recorded.
data quality,DQ-055,Built,Implemented as CMDB-069 (health/catalogue/cmdb.json).,Not Tested,"Unit-tested (health-cmdb-relationships.test.js, health-rules.test.js); no per-rule instance validation recorded."
data quality,DQ-056,Built,Implemented as CMDB-070 (health/catalogue/cmdb.json).,Not Tested,"Unit-tested (health-cmdb-correctness.test.js, health-cmdb-freshness.test.js, health-itom-catalogue.test.js); no per-rule instance validation recorded."
data quality,DQ-057,Built,Implemented as CMDB-072 (health/catalogue/cmdb.json).,Not Tested,Unit-tested (health-cmdb-freshness.test.js); no per-rule instance validation recorded.
data quality,DQ-058,Built,Implemented as CMDB-073 (health/catalogue/cmdb.json).,Not Tested,Unit-tested (health-cmdb-freshness.test.js); no per-rule instance validation recorded.
data quality,DQ-059,Built,Implemented as CMDB-071 (health/catalogue/cmdb.json).,Not Tested,"Unit-tested (health-cmdb-freshness.test.js, health-itom-catalogue.test.js); no per-rule instance validation recorded."
data quality,DQ-060,Built,Implemented as CMDB-074 (health/catalogue/cmdb.json).,Not Tested,Unit-tested (health-cmdb-freshness.test.js); no per-rule instance validation recorded.
data quality,DQ-061,Built,Implemented as CMDB-075 (health/catalogue/cmdb.json).,Not Tested,Unit-tested (health-cmdb-freshness.test.js); no per-rule instance validation recorded.
data quality,DQ-062,Built,Implemented as CMDB-077 (health/catalogue/cmdb.json).,Not Tested,Unit-tested (health-cmdb-freshness.test.js); no per-rule instance validation recorded.
data quality,DQ-063,Built,Implemented as CMDB-080 (health/catalogue/cmdb.json).,Not Tested,"Unit-tested (health-cmdb-lifecycle.test.js, health-csdm-catalogue.test.js); no per-rule instance validation recorded."
data quality,DQ-064,Built,Implemented as CMDB-081 (health/catalogue/cmdb.json).,Not Tested,Unit-tested (health-cmdb-lifecycle.test.js); no per-rule instance validation recorded.
data quality,DQ-065,Built,Implemented as CMDB-082 (health/catalogue/cmdb.json).,Not Tested,Unit-tested (health-cmdb-lifecycle.test.js); no per-rule instance validation recorded.
data quality,DQ-066,Built,Implemented as CMDB-083 (health/catalogue/cmdb.json).,Not Tested,Unit-tested (health-cmdb-lifecycle.test.js); no per-rule instance validation recorded.
data quality,DQ-067,Built,Implemented as CMDB-084 (health/catalogue/cmdb.json).,Not Tested,Unit-tested (health-cmdb-lifecycle.test.js); no per-rule instance validation recorded.
data quality,DQ-068,Built,Implemented as CMDB-086 (health/catalogue/cmdb.json).,Not Tested,Unit-tested (health-cmdb-lifecycle.test.js); no per-rule instance validation recorded.
data quality,DQ-069,Built,Implemented as CMDB-088 (health/catalogue/cmdb.json).,Not Tested,Unit-tested (health-cmdb-lifecycle.test.js); no per-rule instance validation recorded.
data quality,DQ-070,Built,Implemented as CMDB-089 (health/catalogue/cmdb.json).,Not Tested,Unit-tested (health-cmdb-lifecycle.test.js); no per-rule instance validation recorded.
data quality,DQ-071,Built,Implemented as CMDB-102 (health/catalogue/cmdb.json).,Not Tested,"Unit-tested (health-cmdb-ownership.test.js, health-csdm-catalogue.test.js, health-dimensions.test.js); no per-rule instance validation recorded."
data quality,DQ-072,Built,Implemented as CMDB-103 (health/catalogue/cmdb.json).,Not Tested,"Unit-tested (health-cmdb-ownership.test.js, health-csdm-catalogue.test.js, health-dimensions.test.js); no per-rule instance validation recorded."
data quality,DQ-073,Built,Implemented as CMDB-104 (health/catalogue/cmdb.json).,Not Tested,"Unit-tested (health-cmdb-ownership.test.js, health-cmdb-quality.test.js, health-dimensions.test.js); no per-rule instance validation recorded."
data quality,DQ-074,Built,Implemented as CMDB-105 (health/catalogue/cmdb.json).,Not Tested,"Unit-tested (health-cmdb-ownership.test.js, health-cmdb-quality.test.js, health-dimensions.test.js, health-itsm-catalogue.test.js); no per-rule instance validation recorded."
data quality,DQ-075,Built,Implemented as CMDB-106 (health/catalogue/cmdb.json).,Not Tested,"Unit-tested (health-cmdb-ownership.test.js, health-dimensions.test.js); no per-rule instance validation recorded."
data quality,DQ-076,Built,Implemented as CMDB-107 (health/catalogue/cmdb.json).,Not Tested,"Unit-tested (health-cmdb-ownership.test.js, health-dimensions.test.js); no per-rule instance validation recorded."
data quality,DQ-077,Built,Implemented as CMDB-141 (health/catalogue/cmdb.json).,Not Tested,"Unit-tested (health-cmdb-completeness.test.js, health-cmdb-quality.test.js, health-enterprise-dq-catalogue.test.js, health-cmdb-consumption.test.js, health-cmdb-correctness.test.js, health-incremental.test.js); no per-rule instance validation recorded."
data quality,DQ-078,Built,Implemented as CMDB-117 (health/catalogue/cmdb.json).,Not Tested,"Unit-tested (health-cmdb-consumption.test.js, health-cmdb-quality.test.js, health-incremental.test.js); no per-rule instance validation recorded."
data quality,DQ-079,Built,Implemented as CMDB-118 (health/catalogue/cmdb.json).,Not Tested,"Unit-tested (health-cmdb-consumption.test.js, health-cmdb-quality.test.js, health-incremental.test.js); no per-rule instance validation recorded."
data quality,DQ-080,Built,Implemented as CMDB-119 (health/catalogue/cmdb.json).,Not Tested,Unit-tested (health-cmdb-consumption.test.js); no per-rule instance validation recorded.
data quality,DQ-081,Built,Implemented as CMDB-121 (health/catalogue/cmdb.json).,Not Tested,"Unit-tested (health-cmdb-completeness.test.js, health-cmdb-consumption.test.js, health-cmdb-quality.test.js, health-incremental.test.js); no per-rule instance validation recorded."
data quality,DQ-082,Built,Implemented as CMDB-122 (health/catalogue/cmdb.json).,Not Tested,"Unit-tested (health-cmdb-completeness.test.js, health-cmdb-consumption.test.js); no per-rule instance validation recorded."
data quality,DQ-083,Built,Implemented as CMDB-120 (health/catalogue/cmdb.json).,Not Tested,"Unit-tested (health-enterprise-dq-catalogue.test.js, health-cmdb-consumption.test.js, health-platform-catalogue.test.js); no per-rule instance validation recorded."
data quality,DQ-084,Built,Built on the record_predicate engine (health/enterprise_dq/rules).,Tested on PDI,"techsnitchpvtltddemo2.service-now.com 2026-09-27 (non-customer instance, read-only): evaluated, verdict fail, 1 finding(s), population 250 sys_user_group records. Unit-tested (health-enterprise-dq-catalogue.test.js); no per-rule instance validation recorded."
data quality,DQ-085,Built,Built on the record_predicate engine (health/enterprise_dq/rules).,Not Tested,"techsnitchpvtltddemo2.service-now.com 2026-09-27 (non-customer instance, read-only): evaluated / inconclusive. Unit-tested (health-enterprise-dq-catalogue.test.js); no per-rule instance validation recorded."
data quality,DQ-086,Built,Built on the record_predicate engine (health/enterprise_dq/rules).,Tested on PDI,"techsnitchpvtltddemo2.service-now.com 2026-09-27 (non-customer instance, read-only): evaluated, verdict fail, 2 finding(s), population 6594 alm_asset records (summed over variants). Unit-tested (health-enterprise-dq-catalogue.test.js); no per-rule instance validation recorded."
data quality,DQ-087,Built,Built on the record_predicate engine (health/enterprise_dq/rules).,Tested on PDI,"techsnitchpvtltddemo2.service-now.com 2026-09-27 (non-customer instance, read-only): evaluated, verdict fail, 1 finding(s), population 540 sys_user records. Unit-tested (health-enterprise-dq-catalogue.test.js); no per-rule instance validation recorded."
data quality,DQ-088,Deferred,"Configured on the record_predicate engine; unavailable by declaration: whether a financial integration exists — the workbook fires the rule ""where financial integration exists"", and that is not recorded on the instance.",Not Tested,"techsnitchpvtltddemo2.service-now.com 2026-09-27 (non-customer instance, read-only): unavailable (undefined_dependency). No per-rule test or instance validation recorded."
data quality,DQ-089,Built,Built on the record_predicate engine (health/enterprise_dq/rules).,Tested on PDI,"techsnitchpvtltddemo2.service-now.com 2026-09-27 (non-customer instance, read-only): evaluated, verdict fail, 3 finding(s), population 1620 sys_user records (summed over variants). Unit-tested (health-enterprise-dq-catalogue.test.js); no per-rule instance validation recorded."
data quality,DQ-090,Built,Built on the record_predicate engine (health/enterprise_dq/rules).,Tested on PDI,"techsnitchpvtltddemo2.service-now.com 2026-09-27 (non-customer instance, read-only): evaluated, verdict fail, 1 finding(s), population 250 active groups. Unit-tested (health-enterprise-dq-catalogue.test.js, health-rulebook-changes.test.js); no per-rule instance validation recorded."
data quality,DQ-091,Built,Built on the record_predicate engine (health/enterprise_dq/rules).,Tested on PDI,"techsnitchpvtltddemo2.service-now.com 2026-09-27 (non-customer instance, read-only): evaluated, verdict fail, 2 finding(s), population 342 sc_cat_item records (summed over variants). Unit-tested (health-enterprise-dq-catalogue.test.js, health-itil-catalogue.test.js); no per-rule instance validation recorded."
data quality,DQ-092,Deferred,"Configured on the record_predicate engine; unavailable by declaration: the intended root locations — ""identified by configuration or by depth"", and neither is given.",Not Tested,"techsnitchpvtltddemo2.service-now.com 2026-09-27 (non-customer instance, read-only): unavailable (undefined_dependency). No per-rule test or instance validation recorded."
data quality,DQ-093,Built,Built on the record_predicate engine (health/enterprise_dq/rules).,Tested on PDI,"techsnitchpvtltddemo2.service-now.com 2026-09-27 (non-customer instance, read-only): evaluated, verdict fail, 1 finding(s), population 2995 cmdb_model records. Unit-tested (health-enterprise-dq-catalogue.test.js); no per-rule instance validation recorded."
data quality,DQ-094,Built,Built on the record_predicate engine (health/enterprise_dq/rules).,Tested on PDI,"techsnitchpvtltddemo2.service-now.com 2026-09-27 (non-customer instance, read-only): evaluated, verdict fail, 2 finding(s), population 256 kb_knowledge records (summed over variants). Unit-tested (health-enterprise-dq-catalogue.test.js); no per-rule instance validation recorded."
data quality,DQ-095,Built,Built on the reference_integrity engine (health/enterprise_dq/rules).,Not Tested,"techsnitchpvtltddemo2.service-now.com 2026-09-27 (non-customer instance, read-only): evaluated / inconclusive. Unit-tested (health-custom-rules.test.js, health-enterprise-dq-catalogue.test.js, health-itil-catalogue.test.js); no per-rule instance validation recorded."
data quality,DQ-096,Built,Built on the reference_integrity engine (health/enterprise_dq/rules).,Not Tested,"techsnitchpvtltddemo2.service-now.com 2026-09-27 (non-customer instance, read-only): evaluated / inconclusive. Unit-tested (health-enterprise-dq-catalogue.test.js); no per-rule instance validation recorded."
data quality,DQ-097,Built,Built on the record_predicate engine (health/enterprise_dq/rules).,Not Tested,"techsnitchpvtltddemo2.service-now.com 2026-09-27 (non-customer instance, read-only): evaluated / inconclusive. Unit-tested (health-enterprise-dq-catalogue.test.js); no per-rule instance validation recorded."
data quality,DQ-098,Built,Built on the record_predicate engine (health/enterprise_dq/rules).,Tested on PDI,"techsnitchpvtltddemo2.service-now.com 2026-09-27 (non-customer instance, read-only): evaluated, verdict fail, 1 finding(s), population 91 choice fields. Unit-tested (health-enterprise-dq-catalogue.test.js); no per-rule instance validation recorded."
data quality,DQ-099,Built,Built on the linkage engine (health/enterprise_dq/rules).,Tested on PDI,"techsnitchpvtltddemo2.service-now.com 2026-09-27 (non-customer instance, read-only): evaluated, verdict fail, 1 finding(s), population 807 assets linked to a CI. Unit-tested (health-enterprise-dq-catalogue.test.js); no per-rule instance validation recorded."
data quality,DQ-100,Built,Built on the record_predicate engine (health/enterprise_dq/rules).,Tested on PDI,"techsnitchpvtltddemo2.service-now.com 2026-09-27 (non-customer instance, read-only): evaluated, verdict pass, 0 finding(s), population 105 sys_user records. Unit-tested (health-enterprise-dq-catalogue.test.js); no per-rule instance validation recorded."
data quality,DQ-101,Deferred,"Configured on the record_predicate engine; unavailable by declaration: the phone pattern set per region — ""for India include the standard mobile and landline formats"", no pattern given.",Not Tested,"techsnitchpvtltddemo2.service-now.com 2026-09-27 (non-customer instance, read-only): unavailable (undefined_dependency). No per-rule test or instance validation recorded."
data quality,DQ-102,Built,Built on the linkage engine (health/enterprise_dq/rules).,Not Tested,"techsnitchpvtltddemo2.service-now.com 2026-09-27 (non-customer instance, read-only): evaluated / inconclusive. Unit-tested (health-enterprise-dq-catalogue.test.js); no per-rule instance validation recorded."
data quality,DQ-103,Built,Built on the relationship_graph engine (health/enterprise_dq/rules).,Tested on PDI,"techsnitchpvtltddemo2.service-now.com 2026-09-27 (non-customer instance, read-only): evaluated, verdict pass, 0 finding(s), population 105 users with a manager. Unit-tested (health-enterprise-dq-catalogue.test.js); no per-rule instance validation recorded."
data quality,DQ-104,Built,Built on the relationship_graph engine (health/enterprise_dq/rules).,Tested on PDI,"techsnitchpvtltddemo2.service-now.com 2026-09-27 (non-customer instance, read-only): evaluated, verdict pass, 0 finding(s), population 427 locations with a parent. Unit-tested (health-enterprise-dq-catalogue.test.js); no per-rule instance validation recorded."
data quality,DQ-105,Built,Built on the linkage engine (health/enterprise_dq/rules).,Not Tested,"techsnitchpvtltddemo2.service-now.com 2026-09-27 (non-customer instance, read-only): evaluated / inconclusive. Unit-tested (health-enterprise-dq-catalogue.test.js); no per-rule instance validation recorded."
data quality,DQ-106,Deferred,"Configured on the linkage engine; unavailable by declaration: a group's company scope — sys_user_group has no company field on the platform (verified, Phase 7).",Not Tested,"techsnitchpvtltddemo2.service-now.com 2026-09-27 (non-customer instance, read-only): unavailable (undefined_dependency). No per-rule test or instance validation recorded."
data quality,DQ-107,Built,Built on the linkage engine (health/enterprise_dq/rules).,Tested on PDI,"techsnitchpvtltddemo2.service-now.com 2026-09-27 (non-customer instance, read-only): evaluated, verdict pass, 0 finding(s), population 773 assets linked to a CI, both assigned. Unit-tested (health-enterprise-dq-catalogue.test.js); no per-rule instance validation recorded."
data quality,DQ-108,Deferred,"Configured on the text_analysis engine; unavailable by declaration: which records' names are compared, and the divergence measure and threshold.",Not Tested,"techsnitchpvtltddemo2.service-now.com 2026-09-27 (non-customer instance, read-only): unavailable (undefined_dependency). No per-rule test or instance validation recorded."
data quality,DQ-109,Deferred,"Configured on the relationship_graph engine; unavailable by declaration: the depth-variance threshold — ""configurable"", no default.",Not Tested,"techsnitchpvtltddemo2.service-now.com 2026-09-27 (non-customer instance, read-only): unavailable (undefined_dependency). No per-rule test or instance validation recorded."
data quality,DQ-110,Deferred,"Configured on the linkage engine; unavailable by declaration: a cost centre's company — cmn_cost_center has no company field on the platform (verified, Phase 7: legal_entity only).",Not Tested,"techsnitchpvtltddemo2.service-now.com 2026-09-27 (non-customer instance, read-only): unavailable (undefined_dependency). No per-rule test or instance validation recorded."
data quality,DQ-111,Built,Built on the aggregate engine (health/enterprise_dq/rules).,Tested on PDI,"techsnitchpvtltddemo2.service-now.com 2026-09-27 (non-customer instance, read-only): evaluated, verdict fail, 1 finding(s), population 969 users. Unit-tested (health-enterprise-dq-catalogue.test.js); no per-rule instance validation recorded."
data quality,DQ-112,Built,Built on the aggregate engine (health/enterprise_dq/rules).,Tested on PDI,"techsnitchpvtltddemo2.service-now.com 2026-09-27 (non-customer instance, read-only): evaluated, verdict fail, 1 finding(s), population 106 active groups with active members. Unit-tested (health-enterprise-dq-catalogue.test.js); no per-rule instance validation recorded."
data quality,DQ-113,Built,Built on the text_analysis engine (health/enterprise_dq/rules).,Tested on PDI,"techsnitchpvtltddemo2.service-now.com 2026-09-27 (non-customer instance, read-only): evaluated, verdict fail, 1 finding(s), population 234 locations with a street address. Unit-tested (health-enterprise-dq-catalogue.test.js); no per-rule instance validation recorded."
data quality,DQ-114,Built,Built on the text_analysis engine (health/enterprise_dq/rules).,Tested on PDI,"techsnitchpvtltddemo2.service-now.com 2026-09-27 (non-customer instance, read-only): evaluated, verdict fail, 1 finding(s), population 324 companies. Unit-tested (health-enterprise-dq-catalogue.test.js); no per-rule instance validation recorded."
data quality,DQ-115,Built,Built on the text_analysis engine (health/enterprise_dq/rules).,Tested on PDI,"techsnitchpvtltddemo2.service-now.com 2026-09-27 (non-customer instance, read-only): evaluated, verdict fail, 1 finding(s), population 125 models with a manufacturer and part number. Unit-tested (health-enterprise-dq-catalogue.test.js); no per-rule instance validation recorded."
data quality,DQ-116,Built,Built on the text_analysis engine (health/enterprise_dq/rules).,Tested on PDI,"techsnitchpvtltddemo2.service-now.com 2026-09-27 (non-customer instance, read-only): evaluated, verdict fail, 1 finding(s), population 171 active requestable items. Unit-tested (health-enterprise-dq-catalogue.test.js, health-itil-catalogue.test.js); no per-rule instance validation recorded."
data quality,DQ-117,Deferred,"Configured on the linkage engine; unavailable by declaration: which data source is the HR feed — not identified by the workbook, and not recorded on sys_data_source.",Not Tested,"techsnitchpvtltddemo2.service-now.com 2026-09-27 (non-customer instance, read-only): unavailable (undefined_dependency). No per-rule test or instance validation recorded."
data quality,DQ-118,Deferred,"Configured on the temporal_correlation engine; unavailable by declaration: which data source is the HR feed — not identified by the workbook, and not recorded on sys_data_source.",Not Tested,"techsnitchpvtltddemo2.service-now.com 2026-09-27 (non-customer instance, read-only): unavailable (undefined_dependency). No per-rule test or instance validation recorded."
data quality,DQ-119,Built,Built on the record_predicate engine (health/enterprise_dq/rules).,Tested on PDI,"techsnitchpvtltddemo2.service-now.com 2026-09-27 (non-customer instance, read-only): evaluated, verdict fail, 1 finding(s), population 962 sys_user records. Unit-tested (health-enterprise-dq-catalogue.test.js); no per-rule instance validation recorded."
data quality,DQ-120,Built,Built on the temporal_correlation engine (health/enterprise_dq/rules).,Tested on PDI,"techsnitchpvtltddemo2.service-now.com 2026-09-27 (non-customer instance, read-only): evaluated, verdict fail, 1 finding(s), population 113 active groups with active members. Unit-tested (health-enterprise-dq-catalogue.test.js); no per-rule instance validation recorded."
data quality,DQ-121,Built,Built on the record_predicate engine (health/enterprise_dq/rules).,Not Tested,"techsnitchpvtltddemo2.service-now.com 2026-09-27 (non-customer instance, read-only): evaluated / inconclusive. Unit-tested (health-enterprise-dq-catalogue.test.js); no per-rule instance validation recorded."
data quality,DQ-122,Built,Built on the record_predicate engine (health/enterprise_dq/rules).,Tested on PDI,"techsnitchpvtltddemo2.service-now.com 2026-09-27 (non-customer instance, read-only): evaluated, verdict fail, 1 finding(s), population 87 published articles with a review date. Unit-tested (health-enterprise-dq-catalogue.test.js, health-itil-catalogue.test.js); no per-rule instance validation recorded."
data quality,DQ-123,Built,Built on the linkage engine (health/enterprise_dq/rules).,Tested on PDI,"techsnitchpvtltddemo2.service-now.com 2026-09-27 (non-customer instance, read-only): evaluated, verdict fail, 1 finding(s), population 132 active requestable items. Unit-tested (health-enterprise-dq-catalogue.test.js, health-itil-catalogue.test.js); no per-rule instance validation recorded."
data quality,DQ-124,Built,Built on the linkage engine (health/enterprise_dq/rules).,Tested on PDI,"techsnitchpvtltddemo2.service-now.com 2026-09-27 (non-customer instance, read-only): evaluated, verdict fail, 1 finding(s), population 469 locations. Unit-tested (health-enterprise-dq-catalogue.test.js); no per-rule instance validation recorded."
data quality,DQ-125,Built,Built on the reference_integrity engine (health/enterprise_dq/rules).,Tested on PDI,"techsnitchpvtltddemo2.service-now.com 2026-09-27 (non-customer instance, read-only): evaluated, verdict fail, 1 finding(s), population 4832 task records. Unit-tested (health-enterprise-dq-catalogue.test.js); no per-rule instance validation recorded."
data quality,DQ-126,Built,Built on the reference_integrity engine (health/enterprise_dq/rules).,Tested on PDI,"techsnitchpvtltddemo2.service-now.com 2026-09-27 (non-customer instance, read-only): evaluated, verdict pass, 0 finding(s), population 1365 sysapproval_approver records. Unit-tested (health-enterprise-dq-catalogue.test.js); no per-rule instance validation recorded."
data quality,DQ-127,Built,Built on the reference_integrity engine (health/enterprise_dq/rules).,Tested on PDI,"techsnitchpvtltddemo2.service-now.com 2026-09-27 (non-customer instance, read-only): evaluated, verdict fail, 1 finding(s), population 404 active catalog items. Unit-tested (health-enterprise-dq-catalogue.test.js); no per-rule instance validation recorded."
data quality,DQ-128,Deferred,"Configured on the reference_integrity engine; unavailable by declaration: the ""operationally significant reference fields"" the scan is scoped to — not named.",Not Tested,"techsnitchpvtltddemo2.service-now.com 2026-09-27 (non-customer instance, read-only): unavailable (undefined_dependency). No per-rule test or instance validation recorded."
data quality,DQ-129,Built,Built on the linkage engine (health/enterprise_dq/rules).,Tested on PDI,"techsnitchpvtltddemo2.service-now.com 2026-09-27 (non-customer instance, read-only): evaluated, verdict fail, 1 finding(s), population 2454 asset–CI links. Unit-tested (health-enterprise-dq-catalogue.test.js); no per-rule instance validation recorded."
data quality,DQ-130,Built,Built on the reference_integrity engine (health/enterprise_dq/rules).,Tested on PDI,"techsnitchpvtltddemo2.service-now.com 2026-09-27 (non-customer instance, read-only): evaluated, verdict fail, 1 finding(s), population 22 active notifications. Unit-tested (health-enterprise-dq-catalogue.test.js); no per-rule instance validation recorded."
data quality,DQ-131,Built,"The same condition as ITSM-139, evaluated there and counted once (D-019).",Not Tested,Unit-tested (health-enterprise-dq-catalogue.test.js); no per-rule instance validation recorded.
data quality,DQ-132,Built,Built on the reference_integrity engine (health/enterprise_dq/rules).,Tested on PDI,"techsnitchpvtltddemo2.service-now.com 2026-09-27 (non-customer instance, read-only): evaluated, verdict fail, 1 finding(s), population 471 active reports. Unit-tested (health-enterprise-dq-catalogue.test.js); no per-rule instance validation recorded."
data quality,DQ-133,Built,Built on the text_analysis engine; unconfigured until instance parameter value(s) are set: fields.,Not Tested,"techsnitchpvtltddemo2.service-now.com 2026-09-27 (non-customer instance, read-only): unconfigured (unconfigured_parameter). Unit-tested (health-enterprise-dq-catalogue.test.js); no per-rule instance validation recorded."
data quality,DQ-134,Built,Built on the configuration engine (health/enterprise_dq/rules).,Tested on PDI,"techsnitchpvtltddemo2.service-now.com 2026-09-27 (non-customer instance, read-only): evaluated, verdict pass, 0 finding(s), population 52 personal-data fields. Unit-tested (health-enterprise-dq-catalogue.test.js); no per-rule instance validation recorded."
data quality,DQ-135,Deferred,"Configured on the configuration engine; unavailable by declaration: the content classification method — ""must be stated"", and none is.",Not Tested,"techsnitchpvtltddemo2.service-now.com 2026-09-27 (non-customer instance, read-only): unavailable (undefined_dependency). No per-rule test or instance validation recorded."
data quality,DQ-136,Deferred,Configured on the temporal_correlation engine; unavailable by declaration: the customer's retention periods per record type — a policy the platform does not hold.,Not Tested,"techsnitchpvtltddemo2.service-now.com 2026-09-27 (non-customer instance, read-only): unavailable (undefined_dependency). No per-rule test or instance validation recorded."
data quality,DQ-137,Built,Built on the configuration engine (health/enterprise_dq/rules).,Not Tested,"techsnitchpvtltddemo2.service-now.com 2026-09-27 (non-customer instance, read-only): evaluated / inconclusive. Unit-tested (health-enterprise-dq-catalogue.test.js); no per-rule instance validation recorded."
data quality,DQ-138,Deferred,"Configured on the configuration engine; unavailable by declaration: access to the non-production instances, or their clone and scrub configuration — outside this instance.",Not Tested,"techsnitchpvtltddemo2.service-now.com 2026-09-27 (non-customer instance, read-only): unavailable (undefined_dependency). No per-rule test or instance validation recorded."
data quality,DQ-139,Built,Built on the configuration engine; unconfigured until instance parameter value(s) are set: fields.,Not Tested,"techsnitchpvtltddemo2.service-now.com 2026-09-27 (non-customer instance, read-only): unconfigured (unconfigured_parameter). Unit-tested (health-enterprise-dq-catalogue.test.js); no per-rule instance validation recorded."
CSDM,CSDM-001,Built,Built on the configuration engine (health/csdm/rules).,Tested on PDI,"techsnitchpvtltddemo2.service-now.com 2026-09-27 (non-customer instance, read-only): evaluated, verdict fail, 1 finding(s), population 1 estate. No per-rule test or instance validation recorded."
CSDM,CSDM-002,Built,Built on the linkage engine (health/csdm/rules).,Not Tested,"techsnitchpvtltddemo2.service-now.com 2026-09-27 (non-customer instance, read-only): evaluated / inconclusive. No per-rule test or instance validation recorded."
CSDM,CSDM-003,Built,Built on the linkage engine (health/csdm/rules).,Not Tested,"techsnitchpvtltddemo2.service-now.com 2026-09-27 (non-customer instance, read-only): evaluated / inconclusive. No per-rule test or instance validation recorded."
CSDM,CSDM-004,Built,Built on the linkage engine (health/csdm/rules).,Tested on PDI,"techsnitchpvtltddemo2.service-now.com 2026-09-27 (non-customer instance, read-only): evaluated, verdict fail, 1 finding(s), population 77 business services. No per-rule test or instance validation recorded."
CSDM,CSDM-005,Built,Built on the linkage engine (health/csdm/rules).,Tested on PDI,"techsnitchpvtltddemo2.service-now.com 2026-09-27 (non-customer instance, read-only): evaluated, verdict fail, 1 finding(s), population 158 service offerings. No per-rule test or instance validation recorded."
CSDM,CSDM-006,Built,"The same condition as CMDB-110, evaluated there and counted once (D-019).",Not Tested,No per-rule test or instance validation recorded.
CSDM,CSDM-007,Built,Built on the linkage engine (health/csdm/rules).,Tested on PDI,"techsnitchpvtltddemo2.service-now.com 2026-09-27 (non-customer instance, read-only): evaluated, verdict fail, 1 finding(s), population 12 technical services. No per-rule test or instance validation recorded."
CSDM,CSDM-008,Built,Built on the configuration engine (health/csdm/rules).,Tested on PDI,"techsnitchpvtltddemo2.service-now.com 2026-09-27 (non-customer instance, read-only): evaluated, verdict fail, 1 finding(s), population 49 service records. No per-rule test or instance validation recorded."
CSDM,CSDM-009,Deferred,"Configured on the text_analysis engine; specification gap: each layer's ""attribute signature and relationship pattern"" profile, and the margin by which a record must match another layer's.",Not Tested,"techsnitchpvtltddemo2.service-now.com 2026-09-27 (non-customer instance, read-only): unconfigured (specification_gap). No per-rule test or instance validation recorded."
CSDM,CSDM-010,Deferred,"Configured on the text_analysis engine; specification gap: what counts as name and consumer overlap, and how much the supporting CI sets must overlap.",Not Tested,"techsnitchpvtltddemo2.service-now.com 2026-09-27 (non-customer instance, read-only): unconfigured (specification_gap). No per-rule test or instance validation recorded."
CSDM,CSDM-011,Built,Built on the relationship_graph engine (health/csdm/rules).,Tested on PDI,"techsnitchpvtltddemo2.service-now.com 2026-09-27 (non-customer instance, read-only): evaluated, verdict fail, 1 finding(s), population 235 business services and offerings. No per-rule test or instance validation recorded."
CSDM,CSDM-012,Deferred,Configured on the relationship_graph engine; specification gap: how far below the top-decile depth a service must fall to count — by construction nine services in ten are below the top decile.,Not Tested,"techsnitchpvtltddemo2.service-now.com 2026-09-27 (non-customer instance, read-only): unconfigured (specification_gap). No per-rule test or instance validation recorded."
CSDM,CSDM-013,Built,Built on the linkage engine (health/csdm/rules).,Not Tested,"techsnitchpvtltddemo2.service-now.com 2026-09-27 (non-customer instance, read-only): evaluated / inconclusive. No per-rule test or instance validation recorded."
CSDM,CSDM-014,Built,Built on the configuration engine (health/csdm/rules).,Tested on PDI,"techsnitchpvtltddemo2.service-now.com 2026-09-27 (non-customer instance, read-only): evaluated, verdict fail, 1 finding(s), population 1 estate. No per-rule test or instance validation recorded."
CSDM,CSDM-015,Built,Built on the linkage engine (health/csdm/rules).,Not Tested,"techsnitchpvtltddemo2.service-now.com 2026-09-27 (non-customer instance, read-only): evaluated / inconclusive. No per-rule test or instance validation recorded."
CSDM,CSDM-016,Deferred,"Configured on the linkage engine; unavailable by declaration: which ""published catalogue"" the service list is compared with (service catalog items, the service portfolio, an external catalogue), and how entries are matched.",Not Tested,"techsnitchpvtltddemo2.service-now.com 2026-09-27 (non-customer instance, read-only): unavailable (undefined_dependency). No per-rule test or instance validation recorded."
CSDM,CSDM-017,Built,Built on the record_predicate engine (health/csdm/rules).,Not Tested,"techsnitchpvtltddemo2.service-now.com 2026-09-27 (non-customer instance, read-only): unavailable (gated). No per-rule test or instance validation recorded."
CSDM,CSDM-018,Built,Built on the record_predicate engine (health/csdm/rules).,Not Tested,"techsnitchpvtltddemo2.service-now.com 2026-09-27 (non-customer instance, read-only): evaluated / inconclusive. No per-rule test or instance validation recorded."
CSDM,CSDM-019,Built,Built on the configuration engine (health/csdm/rules).,Not Tested,"techsnitchpvtltddemo2.service-now.com 2026-09-27 (non-customer instance, read-only): evaluated / inconclusive. No per-rule test or instance validation recorded."
CSDM,CSDM-020,Built,Built on the configuration engine (health/csdm/rules).,Not Tested,"techsnitchpvtltddemo2.service-now.com 2026-09-27 (non-customer instance, read-only): evaluated / inconclusive. No per-rule test or instance validation recorded."
CSDM,CSDM-021,Built,Built on the linkage engine (health/csdm/rules).,Tested on PDI,"techsnitchpvtltddemo2.service-now.com 2026-09-27 (non-customer instance, read-only): evaluated, verdict pass, 0 finding(s), population 49 operational services with supporting CIs. No per-rule test or instance validation recorded."
CSDM,CSDM-022,Built,Built on the linkage engine (health/csdm/rules).,Not Tested,"techsnitchpvtltddemo2.service-now.com 2026-09-27 (non-customer instance, read-only): evaluated / inconclusive. No per-rule test or instance validation recorded."
CSDM,CSDM-023,Built,Built on the linkage engine (health/csdm/rules).,Not Tested,"techsnitchpvtltddemo2.service-now.com 2026-09-27 (non-customer instance, read-only): evaluated / inconclusive. No per-rule test or instance validation recorded."
CSDM,CSDM-024,Built,Built on the temporal_correlation engine (health/csdm/rules).,Not Tested,"techsnitchpvtltddemo2.service-now.com 2026-09-27 (non-customer instance, read-only): evaluated / inconclusive. No per-rule test or instance validation recorded."
CSDM,CSDM-025,Built,Built on the audit_history engine (health/csdm/rules).,Tested on PDI,"techsnitchpvtltddemo2.service-now.com 2026-09-27 (non-customer instance, read-only): evaluated, verdict fail, 1 finding(s), population 171 CSDM services older than 365 days. No per-rule test or instance validation recorded."
CSDM,CSDM-026,Built,Built on the aggregate engine (health/csdm/rules).,Tested on PDI,"techsnitchpvtltddemo2.service-now.com 2026-09-27 (non-customer instance, read-only): evaluated, verdict fail, 1 finding(s), population 8 service classes. No per-rule test or instance validation recorded."
CSDM,CSDM-027,Deferred,Configured on the temporal_correlation engine; unavailable by declaration: sys_audit history of the lifecycle and ownership fields per service — sys_audit is opt-in for the scan and no field-level audit reading is built.,Not Tested,"techsnitchpvtltddemo2.service-now.com 2026-09-27 (non-customer instance, read-only): unavailable (undefined_dependency). No per-rule test or instance validation recorded."
CSDM,CSDM-028,Built,Built on the linkage engine (health/csdm/rules).,Not Tested,"techsnitchpvtltddemo2.service-now.com 2026-09-27 (non-customer instance, read-only): evaluated / inconclusive. No per-rule test or instance validation recorded."
CSDM,CSDM-029,Built,Built on the linkage engine (health/csdm/rules).,Not Tested,"techsnitchpvtltddemo2.service-now.com 2026-09-27 (non-customer instance, read-only): evaluated / inconclusive. No per-rule test or instance validation recorded."
CSDM,CSDM-030,Built,Built on the reference_integrity engine (health/csdm/rules).,Not Tested,"techsnitchpvtltddemo2.service-now.com 2026-09-27 (non-customer instance, read-only): evaluated / inconclusive. No per-rule test or instance validation recorded."
CSDM,CSDM-031,Deferred,"Configured on the configuration engine; unavailable by declaration: what counts as enforcement of the permitted combinations — a data policy, a UI policy, a dependent reference qualifier or a business rule — not stated; the platform's own dependency between stage and status is itself a qualifier.",Not Tested,"techsnitchpvtltddemo2.service-now.com 2026-09-27 (non-customer instance, read-only): unavailable (undefined_dependency). No per-rule test or instance validation recorded."
CSDM,CSDM-032,Built,Built on the configuration engine (health/csdm/rules).,Tested on PDI,"techsnitchpvtltddemo2.service-now.com 2026-09-27 (non-customer instance, read-only): evaluated, verdict pass, 0 finding(s), population 1 estate. No per-rule test or instance validation recorded."
CSDM,CSDM-033,Built,Built on the record_predicate engine (health/csdm/rules).,Tested on PDI,"techsnitchpvtltddemo2.service-now.com 2026-09-27 (non-customer instance, read-only): evaluated, verdict fail, 1 finding(s), population 105 services. No per-rule test or instance validation recorded."
CSDM,CSDM-034,Built,"The same condition as CMDB-103, evaluated there and counted once (D-019).",Not Tested,No per-rule test or instance validation recorded.
CSDM,CSDM-035,Built,"The same condition as CMDB-102, evaluated there and counted once (D-019).",Not Tested,No per-rule test or instance validation recorded.
CSDM,CSDM-036,Built,Built on the record_predicate engine (health/csdm/rules).,Tested on PDI,"techsnitchpvtltddemo2.service-now.com 2026-09-27 (non-customer instance, read-only): evaluated, verdict fail, 1 finding(s), population 77 business services. No per-rule test or instance validation recorded."
CSDM,CSDM-037,Built,Built on the linkage engine (health/csdm/rules).,Not Tested,"techsnitchpvtltddemo2.service-now.com 2026-09-27 (non-customer instance, read-only): evaluated / inconclusive. No per-rule test or instance validation recorded."
CSDM,CSDM-038,Built,Built on the aggregate engine (health/csdm/rules).,Tested on PDI,"techsnitchpvtltddemo2.service-now.com 2026-09-27 (non-customer instance, read-only): evaluated, verdict fail, 1 finding(s), population 44 owned services. No per-rule test or instance validation recorded."
CSDM,CSDM-039,Built,Built on the audit_history engine (health/csdm/rules).,Tested on PDI,"techsnitchpvtltddemo2.service-now.com 2026-09-27 (non-customer instance, read-only): evaluated, verdict fail, 1 finding(s), population 171 CSDM services older than 365 days. No per-rule test or instance validation recorded."
CSDM,CSDM-040,Deferred,"Configured on the linkage engine; unavailable by declaration: which service processes which personal data — the fields are classified (m2m_dictionary_dataclass, D-032), but no information object links them to a business application or service on the instance.",Not Tested,"techsnitchpvtltddemo2.service-now.com 2026-09-27 (non-customer instance, read-only): unavailable (undefined_dependency). No per-rule test or instance validation recorded."
CSDM,CSDM-041,Built,Built on the linkage engine (health/csdm/rules).,Tested on PDI,"techsnitchpvtltddemo2.service-now.com 2026-09-27 (non-customer instance, read-only): evaluated, verdict fail, 1 finding(s), population 90 offerings with an owner under an owned service. No per-rule test or instance validation recorded."
CSDM,CSDM-042,Deferred,"Configured on the configuration engine; unavailable by declaration: the review period, and which attestation records cover service ownership (cert_filter / cert_audit attest any attribute) — not given.",Not Tested,"techsnitchpvtltddemo2.service-now.com 2026-09-27 (non-customer instance, read-only): unavailable (undefined_dependency). No per-rule test or instance validation recorded."
CSDM,CSDM-043,Built,Built on the record_predicate engine (health/csdm/rules).,Tested on PDI,"techsnitchpvtltddemo2.service-now.com 2026-09-27 (non-customer instance, read-only): evaluated, verdict pass, 0 finding(s), population 16 application services. No per-rule test or instance validation recorded."
CSDM,CSDM-044,Built,Built on the linkage engine (health/csdm/rules).,Not Tested,"techsnitchpvtltddemo2.service-now.com 2026-09-27 (non-customer instance, read-only): evaluated / inconclusive. No per-rule test or instance validation recorded."
CSDM,CSDM-045,Built,Built on the linkage engine (health/csdm/rules).,Not Tested,"techsnitchpvtltddemo2.service-now.com 2026-09-27 (non-customer instance, read-only): evaluated / inconclusive. No per-rule test or instance validation recorded."
CSDM,CSDM-046,Built,Built on the linkage engine (health/csdm/rules).,Tested on PDI,"techsnitchpvtltddemo2.service-now.com 2026-09-27 (non-customer instance, read-only): evaluated, verdict pass, 0 finding(s), population 5 business services with classified application services. No per-rule test or instance validation recorded."
CSDM,CSDM-047,Built,"The same condition as CMDB-111, evaluated there and counted once (D-019).",Not Tested,No per-rule test or instance validation recorded.
CSDM,CSDM-048,Built,Built on the linkage engine (health/csdm/rules).,Not Tested,"techsnitchpvtltddemo2.service-now.com 2026-09-27 (non-customer instance, read-only): evaluated / inconclusive. No per-rule test or instance validation recorded."
CSDM,CSDM-049,Deferred,"Configured on the configuration engine; unavailable by declaration: which reports are ""portfolio reports"", and what counts as an environment filter in them.",Not Tested,"techsnitchpvtltddemo2.service-now.com 2026-09-27 (non-customer instance, read-only): unavailable (undefined_dependency). No per-rule test or instance validation recorded."
CSDM,CSDM-050,Built,Built on the configuration engine (health/csdm/rules).,Not Tested,"techsnitchpvtltddemo2.service-now.com 2026-09-27 (non-customer instance, read-only): evaluated / inconclusive. No per-rule test or instance validation recorded."
CSDM,CSDM-051,Built,Built on the relationship_graph engine (health/csdm/rules).,Not Tested,"techsnitchpvtltddemo2.service-now.com 2026-09-27 (non-customer instance, read-only): evaluated / inconclusive. No per-rule test or instance validation recorded."
CSDM,CSDM-052,Built,Built on the relationship_graph engine (health/csdm/rules).,Not Tested,"techsnitchpvtltddemo2.service-now.com 2026-09-27 (non-customer instance, read-only): evaluated / inconclusive. No per-rule test or instance validation recorded."
CSDM,CSDM-053,Built,"The same condition as CMDB-113, evaluated there and counted once (D-019).",Not Tested,No per-rule test or instance validation recorded.
CSDM,CSDM-054,Built,"The same condition as CMDB-114, evaluated there and counted once (D-019).",Not Tested,No per-rule test or instance validation recorded.
CSDM,CSDM-055,Built,Built on the configuration engine (health/csdm/rules).,Tested on PDI,"techsnitchpvtltddemo2.service-now.com 2026-09-27 (non-customer instance, read-only): evaluated, verdict pass, 0 finding(s), population 7 application-service relationships to CIs. No per-rule test or instance validation recorded."
CSDM,CSDM-056,Built,Built on the relationship_graph engine (health/csdm/rules).,Tested on PDI,"techsnitchpvtltddemo2.service-now.com 2026-09-27 (non-customer instance, read-only): evaluated, verdict pass, 0 finding(s), population 319 service records. No per-rule test or instance validation recorded."
CSDM,CSDM-057,Built,"The same condition as CMDB-080, evaluated there and counted once (D-019).",Not Tested,No per-rule test or instance validation recorded.
CSDM,CSDM-058,Built,Built on the relationship_graph engine (health/csdm/rules).,Tested on PDI,"techsnitchpvtltddemo2.service-now.com 2026-09-27 (non-customer instance, read-only): evaluated, verdict pass, 0 finding(s), population 1 estate. No per-rule test or instance validation recorded."
CSDM,CSDM-059,Deferred,"Configured on the temporal_correlation engine; unavailable by declaration: an edge's creation source and source confirmation — cmdb_rel_ci carries no discovery source or last-discovered field (verified, Phase 9).",Not Tested,"techsnitchpvtltddemo2.service-now.com 2026-09-27 (non-customer instance, read-only): unavailable (undefined_dependency). No per-rule test or instance validation recorded."
CSDM,CSDM-060,Built,Built on the aggregate engine (health/csdm/rules).,Tested on PDI,"techsnitchpvtltddemo2.service-now.com 2026-09-27 (non-customer instance, read-only): evaluated, verdict pass, 0 finding(s), population 74 relationships between service records. No per-rule test or instance validation recorded."
CSDM,CSDM-061,Built,Built on the record_predicate engine (health/csdm/rules).,Tested on PDI,"techsnitchpvtltddemo2.service-now.com 2026-09-27 (non-customer instance, read-only): evaluated, verdict fail, 1 finding(s), population 158 service_offering records. No per-rule test or instance validation recorded."
CSDM,CSDM-062,Built,Built on the configuration engine (health/csdm/rules).,Not Tested,"techsnitchpvtltddemo2.service-now.com 2026-09-27 (non-customer instance, read-only): evaluated / inconclusive. No per-rule test or instance validation recorded."
CSDM,CSDM-063,Deferred,Configured on the aggregate engine; unavailable by declaration: how an incident's channel or category maps to an offering — not given.,Not Tested,"techsnitchpvtltddemo2.service-now.com 2026-09-27 (non-customer instance, read-only): unavailable (undefined_dependency). No per-rule test or instance validation recorded."
CSDM,CSDM-064,Deferred,"Configured on the aggregate engine; unavailable by declaration: the commitment target variance threshold, and which commitment field is the target.",Not Tested,"techsnitchpvtltddemo2.service-now.com 2026-09-27 (non-customer instance, read-only): unavailable (undefined_dependency). No per-rule test or instance validation recorded."
CSDM,CSDM-065,Deferred,"Configured on the linkage engine; specification gap: what makes an offering ""inactive"" (operational_status, install_status or service_status all exist) and an incident ""on that channel"".",Not Tested,"techsnitchpvtltddemo2.service-now.com 2026-09-27 (non-customer instance, read-only): unconfigured (specification_gap). No per-rule test or instance validation recorded."
CSDM,CSDM-066,Deferred,Configured on the configuration engine; unavailable by declaration: whether a chargeback model is in use — not recorded.,Not Tested,"techsnitchpvtltddemo2.service-now.com 2026-09-27 (non-customer instance, read-only): unavailable (undefined_dependency). No per-rule test or instance validation recorded."
CSDM,CSDM-067,Built,Built on the linkage engine (health/csdm/rules).,Not Tested,"techsnitchpvtltddemo2.service-now.com 2026-09-27 (non-customer instance, read-only): evaluated / inconclusive. No per-rule test or instance validation recorded."
CSDM,CSDM-068,Built,"The same condition as CMDB-112, evaluated there and counted once (D-019).",Not Tested,No per-rule test or instance validation recorded.
CSDM,CSDM-069,Built,"The same condition as ITSM-017, evaluated there and counted once (D-019).",Not Tested,No per-rule test or instance validation recorded.
CSDM,CSDM-070,Not Started,"Fully defined; evaluator not built yet: the traversal across every configured layer (capability → application → service → CI) per service, and the band threshold it is judged against.",Not Tested,"techsnitchpvtltddemo2.service-now.com 2026-09-27 (non-customer instance, read-only): unavailable (not_built). No per-rule test or instance validation recorded."
CSDM,CSDM-071,Built,"The same condition as CSDM-004, evaluated there and counted once (D-019).",Not Tested,No per-rule test or instance validation recorded.
CSDM,CSDM-072,Built,Built on the composite engine (health/csdm/rules).,Tested on PDI,"techsnitchpvtltddemo2.service-now.com 2026-09-27 (non-customer instance, read-only): evaluated, verdict pass, 0 finding(s), population 1 estate. No per-rule test or instance validation recorded."
CSDM,CSDM-073,Built,Built on the temporal_correlation engine (health/csdm/rules).,Not Tested,"techsnitchpvtltddemo2.service-now.com 2026-09-27 (non-customer instance, read-only): evaluated / inconclusive. No per-rule test or instance validation recorded."
CSDM,CSDM-074,Deferred,"Configured on the aggregate engine; unavailable by declaration: ""the conformance rule set"" a new service must pass, and the creation window — not given.",Not Tested,"techsnitchpvtltddemo2.service-now.com 2026-09-27 (non-customer instance, read-only): unavailable (undefined_dependency). No per-rule test or instance validation recorded."
CSDM,CSDM-075,Built,Built on the relationship_graph engine (health/csdm/rules).,Tested on PDI,"techsnitchpvtltddemo2.service-now.com 2026-09-27 (non-customer instance, read-only): evaluated, verdict fail, 1 finding(s), population 55 Business Critical services. No per-rule test or instance validation recorded."
CSDM,CSDM-076,Built,"The same condition as ITSM-136, evaluated there and counted once (D-019).",Not Tested,No per-rule test or instance validation recorded.
CSDM,CSDM-077,Built,"The same condition as CMDB-102, evaluated there and counted once (D-019).",Not Tested,No per-rule test or instance validation recorded.
CSDM,CSDM-078,Built,Built on the linkage engine (health/csdm/rules).,Tested on PDI,"techsnitchpvtltddemo2.service-now.com 2026-09-27 (non-customer instance, read-only): evaluated, verdict fail, 1 finding(s), population 161 services. No per-rule test or instance validation recorded."
CSDM,CSDM-079,Built,Built on the linkage engine (health/csdm/rules).,Tested on PDI,"techsnitchpvtltddemo2.service-now.com 2026-09-27 (non-customer instance, read-only): evaluated, verdict fail, 23 finding(s), population 79 change_request records referencing a CI. No per-rule test or instance validation recorded."
CSDM,CSDM-080,Deferred,"Configured on the relationship_graph engine; unavailable by declaration: which service processes which personal data — the fields are classified (m2m_dictionary_dataclass, D-032), but no information object links them to a business application or service on the instance.",Not Tested,"techsnitchpvtltddemo2.service-now.com 2026-09-27 (non-customer instance, read-only): unavailable (undefined_dependency). No per-rule test or instance validation recorded."
ITIL,ITIL-001,Built,Built on the record_predicate engine (health/itil/rules).,Not Tested,"techsnitchpvtltddemo2.service-now.com 2026-09-27 (non-customer instance, read-only): evaluated / inconclusive. No per-rule test or instance validation recorded."
ITIL,ITIL-002,Built,Built on the record_predicate engine (health/itil/rules).,Tested on PDI,"techsnitchpvtltddemo2.service-now.com 2026-09-27 (non-customer instance, read-only): evaluated, verdict fail, 1 finding(s), population 171 sc_cat_item records. No per-rule test or instance validation recorded."
ITIL,ITIL-003,Built,Built on the linkage engine (health/itil/rules).,Tested on PDI,"techsnitchpvtltddemo2.service-now.com 2026-09-27 (non-customer instance, read-only): evaluated, verdict fail, 1 finding(s), population 87 sc_req_item records. No per-rule test or instance validation recorded."
ITIL,ITIL-004,Built,"The same condition as DQ-095, evaluated there and counted once (D-019).",Not Tested,No per-rule test or instance validation recorded.
ITIL,ITIL-005,Deferred,Configured on the record_predicate engine; unavailable by declaration: the request age threshold by type — the supplied rule gives no number and ServiceNow publishes none.,Not Tested,"techsnitchpvtltddemo2.service-now.com 2026-09-27 (non-customer instance, read-only): unavailable (undefined_dependency). No per-rule test or instance validation recorded."
ITIL,ITIL-006,Deferred,Configured on the record_predicate engine; unavailable by declaration: the fulfilment task age threshold — the supplied rule gives no number and ServiceNow publishes none.,Not Tested,"techsnitchpvtltddemo2.service-now.com 2026-09-27 (non-customer instance, read-only): unavailable (undefined_dependency). No per-rule test or instance validation recorded."
ITIL,ITIL-007,Built,Built on the linkage engine (health/itil/rules).,Tested on PDI,"techsnitchpvtltddemo2.service-now.com 2026-09-27 (non-customer instance, read-only): evaluated, verdict fail, 1 finding(s), population 37 closed request items with no close notes. No per-rule test or instance validation recorded."
ITIL,ITIL-008,Deferred,"Configured on the text_analysis engine; unavailable by declaration: the similarity that makes descriptions ""the same request"" — the supplied rule gives no number and ServiceNow publishes none.",Not Tested,"techsnitchpvtltddemo2.service-now.com 2026-09-27 (non-customer instance, read-only): unavailable (undefined_dependency). No per-rule test or instance validation recorded."
ITIL,ITIL-009,Built,"The same condition as DQ-091, evaluated there and counted once (D-019).",Not Tested,No per-rule test or instance validation recorded.
ITIL,ITIL-010,Deferred,Configured on the aggregate engine; unavailable by declaration: the reopen / rework rate — the supplied rule gives no number and ServiceNow publishes none.,Not Tested,"techsnitchpvtltddemo2.service-now.com 2026-09-27 (non-customer instance, read-only): unavailable (undefined_dependency). No per-rule test or instance validation recorded."
ITIL,ITIL-011,Built,Built on the text_analysis engine (health/itil/rules).,Tested on PDI,"techsnitchpvtltddemo2.service-now.com 2026-09-27 (non-customer instance, read-only): evaluated, verdict fail, 1 finding(s), population 3 items fulfilled by a flow or workflow. No per-rule test or instance validation recorded."
ITIL,ITIL-012,Built,Built on the reference_integrity engine (health/itil/rules).,Tested on PDI,"techsnitchpvtltddemo2.service-now.com 2026-09-27 (non-customer instance, read-only): evaluated, verdict fail, 1 finding(s), population 6 fulfilment groups. No per-rule test or instance validation recorded."
ITIL,ITIL-013,Built,"The same condition as DQ-123, evaluated there and counted once (D-019).",Not Tested,No per-rule test or instance validation recorded.
ITIL,ITIL-014,Deferred,"Configured on the aggregate engine; unavailable by declaration: how many ""top request types by volume"" are judged — the supplied rule gives no number and ServiceNow publishes none.",Not Tested,"techsnitchpvtltddemo2.service-now.com 2026-09-27 (non-customer instance, read-only): unavailable (undefined_dependency). No per-rule test or instance validation recorded."
ITIL,ITIL-015,Built,Built on the record_predicate engine (health/itil/rules).,Tested on PDI,"techsnitchpvtltddemo2.service-now.com 2026-09-27 (non-customer instance, read-only): evaluated, verdict fail, 1 finding(s), population 521 sc_task records. No per-rule test or instance validation recorded."
ITIL,ITIL-016,Deferred,"Configured on the aggregate engine; specification gap: what makes a request-type distribution show ""no meaningful differentiation"".",Not Tested,"techsnitchpvtltddemo2.service-now.com 2026-09-27 (non-customer instance, read-only): unconfigured (specification_gap). No per-rule test or instance validation recorded."
ITIL,ITIL-017,Built,"The same condition as CSDM-016, evaluated there and counted once (D-019).",Not Tested,No per-rule test or instance validation recorded.
ITIL,ITIL-018,Deferred,"Configured on the linkage engine; unavailable by declaration: the platform records no general catalog item → service or offering reference (only the Service catalog item class, sc_cat_item_service, names a service) — the rule cannot be read from any instance as worded.",Not Tested,"techsnitchpvtltddemo2.service-now.com 2026-09-27 (non-customer instance, read-only): unavailable (undefined_dependency). No per-rule test or instance validation recorded."
ITIL,ITIL-019,Deferred,"Configured on the configuration engine; specification gap: what separates a business from a technical catalogue (""audience or user-criteria differentiation"").",Not Tested,"techsnitchpvtltddemo2.service-now.com 2026-09-27 (non-customer instance, read-only): unconfigured (specification_gap). No per-rule test or instance validation recorded."
ITIL,ITIL-020,Deferred,Configured on the record_predicate engine; unavailable by declaration: the platform records no review date on catalog items (sc_cat_item has no review-date field) — the rule cannot be read from any instance as worded.,Not Tested,"techsnitchpvtltddemo2.service-now.com 2026-09-27 (non-customer instance, read-only): unavailable (undefined_dependency). No per-rule test or instance validation recorded."
ITIL,ITIL-021,Built,Built on the configuration engine (health/itil/rules).,Tested on PDI,"techsnitchpvtltddemo2.service-now.com 2026-09-27 (non-customer instance, read-only): evaluated, verdict fail, 1 finding(s), population 171 active catalog items. No per-rule test or instance validation recorded."
ITIL,ITIL-022,Built,Built on the record_predicate engine (health/itil/rules).,Tested on PDI,"techsnitchpvtltddemo2.service-now.com 2026-09-27 (non-customer instance, read-only): evaluated, verdict fail, 2 finding(s), population 342 sc_cat_item records (summed over variants). No per-rule test or instance validation recorded."
ITIL,ITIL-023,Deferred,Configured on the record_predicate engine; unavailable by declaration: whether a chargeback / showback model is in use — the customer's to state.,Not Tested,"techsnitchpvtltddemo2.service-now.com 2026-09-27 (non-customer instance, read-only): unavailable (undefined_dependency). No per-rule test or instance validation recorded."
ITIL,ITIL-024,Built,"The same condition as DQ-116, evaluated there and counted once (D-019).",Not Tested,No per-rule test or instance validation recorded.
ITIL,ITIL-025,Deferred,Configured on the configuration engine; unavailable by declaration: the platform records no publication approval of catalog items outside Catalog Builder review — the rule cannot be read from any instance as worded.,Not Tested,"techsnitchpvtltddemo2.service-now.com 2026-09-27 (non-customer instance, read-only): unavailable (undefined_dependency). No per-rule test or instance validation recorded."
ITIL,ITIL-026,Deferred,Configured on the configuration engine; unavailable by declaration: which service record is the catalogue / portal whose availability is measured — the customer's to state.,Not Tested,"techsnitchpvtltddemo2.service-now.com 2026-09-27 (non-customer instance, read-only): unavailable (undefined_dependency). No per-rule test or instance validation recorded."
ITIL,ITIL-027,Deferred,"Configured on the aggregate engine; unavailable by declaration: the linkage share that counts as ""near zero"" — the supplied rule gives no number and ServiceNow publishes none.",Not Tested,"techsnitchpvtltddemo2.service-now.com 2026-09-27 (non-customer instance, read-only): unavailable (undefined_dependency). No per-rule test or instance validation recorded."
ITIL,ITIL-028,Built,Built on the configuration engine (health/itil/rules).,Tested on PDI,"techsnitchpvtltddemo2.service-now.com 2026-09-27 (non-customer instance, read-only): evaluated, verdict fail, 1 finding(s), population 128 kb_knowledge records. No per-rule test or instance validation recorded."
ITIL,ITIL-029,Built,"The same condition as DQ-122, evaluated there and counted once (D-019).",Not Tested,No per-rule test or instance validation recorded.
ITIL,ITIL-030,Built,Built on the reference_integrity engine (health/itil/rules).,Tested on PDI,"techsnitchpvtltddemo2.service-now.com 2026-09-27 (non-customer instance, read-only): evaluated, verdict fail, 1 finding(s), population 128 published articles. No per-rule test or instance validation recorded."
ITIL,ITIL-031,Built,"The same condition as ITSM-066, evaluated there and counted once (D-019).",Not Tested,No per-rule test or instance validation recorded.
ITIL,ITIL-032,Deferred,Configured on the aggregate engine; unavailable by declaration: the article creation rate against resolved volume — the supplied rule gives no number and ServiceNow publishes none.,Not Tested,"techsnitchpvtltddemo2.service-now.com 2026-09-27 (non-customer instance, read-only): unavailable (undefined_dependency). No per-rule test or instance validation recorded."
ITIL,ITIL-033,Deferred,Configured on the record_predicate engine; unavailable by declaration: the age after which zero views counts — the supplied rule gives no number and ServiceNow publishes none.,Not Tested,"techsnitchpvtltddemo2.service-now.com 2026-09-27 (non-customer instance, read-only): unavailable (undefined_dependency). No per-rule test or instance validation recorded."
ITIL,ITIL-034,Built,Built on the temporal_correlation engine (health/itil/rules).,Tested on PDI,"techsnitchpvtltddemo2.service-now.com 2026-09-27 (non-customer instance, read-only): evaluated, verdict fail, 1 finding(s), population 12 actionable feedback. No per-rule test or instance validation recorded."
ITIL,ITIL-035,Deferred,Configured on the text_analysis engine; unavailable by declaration: the content similarity above which two articles are duplicates — the supplied rule gives no number and ServiceNow publishes none.,Not Tested,"techsnitchpvtltddemo2.service-now.com 2026-09-27 (non-customer instance, read-only): unavailable (undefined_dependency). No per-rule test or instance validation recorded."
ITIL,ITIL-036,Deferred,"Configured on the aggregate engine; unavailable by declaration: the incident volume that makes a service ""high volume"" — the supplied rule gives no number and ServiceNow publishes none.",Not Tested,"techsnitchpvtltddemo2.service-now.com 2026-09-27 (non-customer instance, read-only): unavailable (undefined_dependency). No per-rule test or instance validation recorded."
ITIL,ITIL-037,Built,Built on the text_analysis engine (health/itil/rules).,Not Tested,"techsnitchpvtltddemo2.service-now.com 2026-09-27 (non-customer instance, read-only): evaluated / inconclusive. No per-rule test or instance validation recorded."
ITIL,ITIL-038,Built,Built on the configuration engine (health/itil/rules).,Tested on PDI,"techsnitchpvtltddemo2.service-now.com 2026-09-27 (non-customer instance, read-only): evaluated, verdict fail, 1 finding(s), population 15 active knowledge bases. No per-rule test or instance validation recorded."
ITIL,ITIL-039,Built,"The same condition as ITSM-139, evaluated there and counted once (D-019).",Not Tested,No per-rule test or instance validation recorded.
ITIL,ITIL-040,Deferred,"Configured on the configuration engine; unavailable by declaration: which measurement counts as knowledge effectiveness (deflection, resolution time with an article, self-service success) — the customer's to state.",Not Tested,"techsnitchpvtltddemo2.service-now.com 2026-09-27 (non-customer instance, read-only): unavailable (undefined_dependency). No per-rule test or instance validation recorded."
ITIL,ITIL-041,Deferred,"Configured on the configuration engine; unavailable by declaration: the platform records no service review records, meetings or tasks as a record type — the rule cannot be read from any instance as worded.",Not Tested,"techsnitchpvtltddemo2.service-now.com 2026-09-27 (non-customer instance, read-only): unavailable (undefined_dependency). No per-rule test or instance validation recorded."
ITIL,ITIL-042,Built,"The same condition as PLT-016, evaluated there and counted once (D-019).",Not Tested,No per-rule test or instance validation recorded.
ITIL,ITIL-043,Deferred,Configured on the temporal_correlation engine; unavailable by declaration: the platform records no a link between a breach report and the action taken on it — the rule cannot be read from any instance as worded.,Not Tested,"techsnitchpvtltddemo2.service-now.com 2026-09-27 (non-customer instance, read-only): unavailable (undefined_dependency). No per-rule test or instance validation recorded."
ITIL,ITIL-044,Built,Built on the configuration engine (health/itil/rules).,Not Tested,"techsnitchpvtltddemo2.service-now.com 2026-09-27 (non-customer instance, read-only): evaluated / inconclusive. No per-rule test or instance validation recorded."
ITIL,ITIL-045,Built,Built on the configuration engine (health/itil/rules).,Not Tested,"techsnitchpvtltddemo2.service-now.com 2026-09-27 (non-customer instance, read-only): evaluated / inconclusive. No per-rule test or instance validation recorded."
ITIL,ITIL-046,Deferred,"Configured on the configuration engine; specification gap: how an underpinning contract is matched to ""the customer SLA it supports"" for the same service chain.",Not Tested,"techsnitchpvtltddemo2.service-now.com 2026-09-27 (non-customer instance, read-only): unconfigured (specification_gap). No per-rule test or instance validation recorded."
ITIL,ITIL-047,Built,Built on the configuration engine (health/itil/rules).,Not Tested,"techsnitchpvtltddemo2.service-now.com 2026-09-27 (non-customer instance, read-only): evaluated / inconclusive. No per-rule test or instance validation recorded."
ITIL,ITIL-048,Deferred,Configured on the configuration engine; unavailable by declaration: the platform records no what a report discloses about its excluded population — the rule cannot be read from any instance as worded.,Not Tested,"techsnitchpvtltddemo2.service-now.com 2026-09-27 (non-customer instance, read-only): unavailable (undefined_dependency). No per-rule test or instance validation recorded."
ITIL,ITIL-049,Built,Built on the configuration engine (health/itil/rules).,Not Tested,"techsnitchpvtltddemo2.service-now.com 2026-09-27 (non-customer instance, read-only): evaluated / inconclusive. No per-rule test or instance validation recorded."
ITIL,ITIL-050,Built,Built on the configuration engine (health/itil/rules).,Not Tested,"techsnitchpvtltddemo2.service-now.com 2026-09-27 (non-customer instance, read-only): evaluated / inconclusive. No per-rule test or instance validation recorded."
ITIL,ITIL-051,Built,"The same condition as ITSM-054, evaluated there and counted once (D-019).",Not Tested,No per-rule test or instance validation recorded.
ITIL,ITIL-052,Deferred,Configured on the aggregate engine; unavailable by declaration: the target variance across services of one criticality band — the supplied rule gives no number and ServiceNow publishes none.,Not Tested,"techsnitchpvtltddemo2.service-now.com 2026-09-27 (non-customer instance, read-only): unavailable (undefined_dependency). No per-rule test or instance validation recorded."
ITIL,ITIL-053,Built,Built on the configuration engine (health/itil/rules).,Tested on PDI,"techsnitchpvtltddemo2.service-now.com 2026-09-27 (non-customer instance, read-only): evaluated, verdict fail, 1 finding(s), population 94 change_request records. No per-rule test or instance validation recorded."
ITIL,ITIL-054,Built,Built on the linkage engine (health/itil/rules).,Not Tested,"techsnitchpvtltddemo2.service-now.com 2026-09-27 (non-customer instance, read-only): evaluated / inconclusive. No per-rule test or instance validation recorded."
ITIL,ITIL-055,Deferred,Configured on the record_predicate engine; unavailable by declaration: the platform records no a release-level rollback plan (release_project has no rollback field) — the rule cannot be read from any instance as worded.,Not Tested,"techsnitchpvtltddemo2.service-now.com 2026-09-27 (non-customer instance, read-only): unavailable (undefined_dependency). No per-rule test or instance validation recorded."
ITIL,ITIL-056,Deferred,Configured on the linkage engine; unavailable by declaration: the platform records no a deployment-verification task type on release_task — the rule cannot be read from any instance as worded.,Not Tested,"techsnitchpvtltddemo2.service-now.com 2026-09-27 (non-customer instance, read-only): unavailable (undefined_dependency). No per-rule test or instance validation recorded."
ITIL,ITIL-057,Deferred,Configured on the temporal_correlation engine; unavailable by declaration: the incident rate and the post-deployment window — the supplied rule gives no number and ServiceNow publishes none.,Not Tested,"techsnitchpvtltddemo2.service-now.com 2026-09-27 (non-customer instance, read-only): unavailable (undefined_dependency). No per-rule test or instance validation recorded."
ITIL,ITIL-058,Built,Built on the record_predicate engine (health/itil/rules).,Not Tested,"techsnitchpvtltddemo2.service-now.com 2026-09-27 (non-customer instance, read-only): evaluated / inconclusive. No per-rule test or instance validation recorded."
ITIL,ITIL-059,Deferred,Configured on the configuration engine; unavailable by declaration: the platform records no an artefact / definitive media library linked to releases — the rule cannot be read from any instance as worded.,Not Tested,"techsnitchpvtltddemo2.service-now.com 2026-09-27 (non-customer instance, read-only): unavailable (undefined_dependency). No per-rule test or instance validation recorded."
ITIL,ITIL-060,Deferred,Configured on the linkage engine; unavailable by declaration: the platform records no a release's demand or problem origin (release_project has no such reference) — the rule cannot be read from any instance as worded.,Not Tested,"techsnitchpvtltddemo2.service-now.com 2026-09-27 (non-customer instance, read-only): unavailable (undefined_dependency). No per-rule test or instance validation recorded."
ITIL,ITIL-061,Deferred,Configured on the linkage engine; unavailable by declaration: the platform records no a link from an update set to a release or change — the rule cannot be read from any instance as worded.,Not Tested,"techsnitchpvtltddemo2.service-now.com 2026-09-27 (non-customer instance, read-only): unavailable (undefined_dependency). No per-rule test or instance validation recorded."
ITIL,ITIL-062,Deferred,Configured on the configuration engine; unavailable by declaration: the platform records no the environment promotion path (it spans instances) — the rule cannot be read from any instance as worded.,Not Tested,"techsnitchpvtltddemo2.service-now.com 2026-09-27 (non-customer instance, read-only): unavailable (undefined_dependency). No per-rule test or instance validation recorded."
ITIL,ITIL-063,Built,Built on the linkage engine (health/itil/rules).,Not Tested,"techsnitchpvtltddemo2.service-now.com 2026-09-27 (non-customer instance, read-only): evaluated / inconclusive. No per-rule test or instance validation recorded."
ITIL,ITIL-064,Built,Built on the record_predicate engine (health/itil/rules).,Not Tested,"techsnitchpvtltddemo2.service-now.com 2026-09-27 (non-customer instance, read-only): evaluated / inconclusive. No per-rule test or instance validation recorded."
ITIL,ITIL-065,Deferred,Configured on the linkage engine; unavailable by declaration: the platform records no a release outcome (unsuccessful) and a release review record — the rule cannot be read from any instance as worded.,Not Tested,"techsnitchpvtltddemo2.service-now.com 2026-09-27 (non-customer instance, read-only): unavailable (undefined_dependency). No per-rule test or instance validation recorded."
ITIL,ITIL-066,Deferred,"Configured on the aggregate engine; unavailable by declaration: how many consecutive releases (or what period) make ""trending upward together"" — the supplied rule gives no number and ServiceNow publishes none.",Not Tested,"techsnitchpvtltddemo2.service-now.com 2026-09-27 (non-customer instance, read-only): unavailable (undefined_dependency). No per-rule test or instance validation recorded."
ITIL,ITIL-067,Built,Built on the linkage engine (health/itil/rules).,Tested on PDI,"techsnitchpvtltddemo2.service-now.com 2026-09-27 (non-customer instance, read-only): evaluated, verdict fail, 1 finding(s), population 3 closed changes with no test plan. No per-rule test or instance validation recorded."
ITIL,ITIL-068,Built,"The same condition as ITSM-098, evaluated there and counted once (D-019).",Not Tested,No per-rule test or instance validation recorded.
ITIL,ITIL-069,Deferred,Configured on the record_predicate engine; unavailable by declaration: the platform records no acceptance criteria on a change (no such field) — the rule cannot be read from any instance as worded.,Not Tested,"techsnitchpvtltddemo2.service-now.com 2026-09-27 (non-customer instance, read-only): unavailable (undefined_dependency). No per-rule test or instance validation recorded."
ITIL,ITIL-070,Deferred,Configured on the configuration engine; unavailable by declaration: the platform records no the test instance's configuration (it is another instance) — the rule cannot be read from any instance as worded.,Not Tested,"techsnitchpvtltddemo2.service-now.com 2026-09-27 (non-customer instance, read-only): unavailable (undefined_dependency). No per-rule test or instance validation recorded."
ITIL,ITIL-071,Built,Built on the temporal_correlation engine (health/itil/rules).,Tested on PDI,"techsnitchpvtltddemo2.service-now.com 2026-09-27 (non-customer instance, read-only): evaluated, verdict fail, 1 finding(s), population 11 platform upgrades. No per-rule test or instance validation recorded."
ITIL,ITIL-072,Built,Built on the aggregate engine (health/itil/rules).,Tested on PDI,"techsnitchpvtltddemo2.service-now.com 2026-09-27 (non-customer instance, read-only): evaluated, verdict fail, 1 finding(s), population 840 customisation hotspots. No per-rule test or instance validation recorded."
ITIL,ITIL-073,Deferred,Configured on the temporal_correlation engine; unavailable by declaration: the platform records no an override of a failed test before promotion — the rule cannot be read from any instance as worded.,Not Tested,"techsnitchpvtltddemo2.service-now.com 2026-09-27 (non-customer instance, read-only): unavailable (undefined_dependency). No per-rule test or instance validation recorded."
ITIL,ITIL-074,Deferred,Configured on the record_predicate engine; unavailable by declaration: the platform records no a change objective and its outcome validation — the rule cannot be read from any instance as worded.,Not Tested,"techsnitchpvtltddemo2.service-now.com 2026-09-27 (non-customer instance, read-only): unavailable (undefined_dependency). No per-rule test or instance validation recorded."
ITIL,ITIL-075,Deferred,Configured on the configuration engine; unavailable by declaration: the platform records no capacity plans or forecasts (no capacity management product on the instance) — the rule cannot be read from any instance as worded.,Not Tested,"techsnitchpvtltddemo2.service-now.com 2026-09-27 (non-customer instance, read-only): unavailable (undefined_dependency). No per-rule test or instance validation recorded."
ITIL,ITIL-076,Deferred,Configured on the configuration engine; unavailable by declaration: the platform records no capacity thresholds as records — the rule cannot be read from any instance as worded.,Not Tested,"techsnitchpvtltddemo2.service-now.com 2026-09-27 (non-customer instance, read-only): unavailable (undefined_dependency). No per-rule test or instance validation recorded."
ITIL,ITIL-077,Deferred,Configured on the aggregate engine; unavailable by declaration: growth metrics against known platform and licence limits — the limits are external reference data and table statistics are empty on the instance.,Not Tested,"techsnitchpvtltddemo2.service-now.com 2026-09-27 (non-customer instance, read-only): unavailable (undefined_dependency). No per-rule test or instance validation recorded."
ITIL,ITIL-078,Deferred,"Configured on the linkage engine; unavailable by declaration: which close codes mean ""capacity-related"" — the customer's to state.",Not Tested,"techsnitchpvtltddemo2.service-now.com 2026-09-27 (non-customer instance, read-only): unavailable (undefined_dependency). No per-rule test or instance validation recorded."
ITIL,ITIL-079,Deferred,Configured on the configuration engine; unavailable by declaration: the platform records no a demand forecast linked to capacity planning — the rule cannot be read from any instance as worded.,Not Tested,"techsnitchpvtltddemo2.service-now.com 2026-09-27 (non-customer instance, read-only): unavailable (undefined_dependency). No per-rule test or instance validation recorded."
ITIL,ITIL-080,Deferred,Configured on the configuration engine; unavailable by declaration: the platform records no performance baselines as records — the rule cannot be read from any instance as worded.,Not Tested,"techsnitchpvtltddemo2.service-now.com 2026-09-27 (non-customer instance, read-only): unavailable (undefined_dependency). No per-rule test or instance validation recorded."
ITIL,ITIL-081,Deferred,Configured on the configuration engine; unavailable by declaration: the platform records no an action threshold on a capacity report — the rule cannot be read from any instance as worded.,Not Tested,"techsnitchpvtltddemo2.service-now.com 2026-09-27 (non-customer instance, read-only): unavailable (undefined_dependency). No per-rule test or instance validation recorded."
ITIL,ITIL-082,Built,Built on the aggregate engine (health/itil/rules).,Not Tested,"techsnitchpvtltddemo2.service-now.com 2026-09-27 (non-customer instance, read-only): evaluated / inconclusive. No per-rule test or instance validation recorded."
ITIL,ITIL-083,Deferred,Configured on the configuration engine; unavailable by declaration: which change risk condition counts as a capacity dimension — the customer's to state.,Not Tested,"techsnitchpvtltddemo2.service-now.com 2026-09-27 (non-customer instance, read-only): unavailable (undefined_dependency). No per-rule test or instance validation recorded."
ITIL,ITIL-084,Deferred,Configured on the configuration engine; unavailable by declaration: the platform records no a capacity management role (ServiceNow ships none) — the rule cannot be read from any instance as worded.,Not Tested,"techsnitchpvtltddemo2.service-now.com 2026-09-27 (non-customer instance, read-only): unavailable (undefined_dependency). No per-rule test or instance validation recorded."
ITIL,ITIL-085,Built,Built on the configuration engine (health/itil/rules).,Not Tested,"techsnitchpvtltddemo2.service-now.com 2026-09-27 (non-customer instance, read-only): evaluated / inconclusive. No per-rule test or instance validation recorded."
ITIL,ITIL-086,Deferred,Configured on the linkage engine; unavailable by declaration: Major Incident Management is not installed on the validation instance (plugin com.snc.incident.mim inactive) — the rule runs where the product is in use.,Not Tested,"techsnitchpvtltddemo2.service-now.com 2026-09-27 (non-customer instance, read-only): unavailable (undefined_dependency). No per-rule test or instance validation recorded."
ITIL,ITIL-087,Built,Built on the linkage engine (health/itil/rules).,Tested on PDI,"techsnitchpvtltddemo2.service-now.com 2026-09-27 (non-customer instance, read-only): evaluated, verdict fail, 1 finding(s), population 316 services. No per-rule test or instance validation recorded."
ITIL,ITIL-088,Built,Built on the record_predicate engine (health/itil/rules).,Not Tested,"techsnitchpvtltddemo2.service-now.com 2026-09-27 (non-customer instance, read-only): evaluated / inconclusive. No per-rule test or instance validation recorded."
ITIL,ITIL-089,Deferred,"Configured on the relationship_graph engine; unavailable by declaration: how a redundant peer is recognised in the CMDB (a cluster, a load-balanced pool, a named relationship type) and how deep the dependency path is walked — the customer's to state.",Not Tested,"techsnitchpvtltddemo2.service-now.com 2026-09-27 (non-customer instance, read-only): unavailable (undefined_dependency). No per-rule test or instance validation recorded."
ITIL,ITIL-090,Deferred,Configured on the configuration engine; unavailable by declaration: which change risk condition counts as an availability / redundancy dimension — the customer's to state.,Not Tested,"techsnitchpvtltddemo2.service-now.com 2026-09-27 (non-customer instance, read-only): unavailable (undefined_dependency). No per-rule test or instance validation recorded."
ITIL,ITIL-091,Built,Built on the record_predicate engine (health/itil/rules).,Not Tested,"techsnitchpvtltddemo2.service-now.com 2026-09-27 (non-customer instance, read-only): evaluated / inconclusive. No per-rule test or instance validation recorded."
ITIL,ITIL-092,Deferred,Configured on the linkage engine; unavailable by declaration: how a service's monitoring coverage is recognised (the ITOM-085 question) — the customer's to state.,Not Tested,"techsnitchpvtltddemo2.service-now.com 2026-09-27 (non-customer instance, read-only): unavailable (undefined_dependency). No per-rule test or instance validation recorded."
ITIL,ITIL-093,Deferred,Configured on the configuration engine; unavailable by declaration: the platform records no a vital business function on a service — the rule cannot be read from any instance as worded.,Not Tested,"techsnitchpvtltddemo2.service-now.com 2026-09-27 (non-customer instance, read-only): unavailable (undefined_dependency). No per-rule test or instance validation recorded."
ITIL,ITIL-094,Deferred,Configured on the configuration engine; unavailable by declaration: the platform records no an availability management role (ServiceNow ships none) — the rule cannot be read from any instance as worded.,Not Tested,"techsnitchpvtltddemo2.service-now.com 2026-09-27 (non-customer instance, read-only): unavailable (undefined_dependency). No per-rule test or instance validation recorded."
ITIL,ITIL-095,Deferred,Configured on the linkage engine; unavailable by declaration: Business Continuity Management is not installed on the validation instance (no sn_bcm_* tables) — the rule runs where the product is in use.,Not Tested,"techsnitchpvtltddemo2.service-now.com 2026-09-27 (non-customer instance, read-only): unavailable (undefined_dependency). No per-rule test or instance validation recorded."
ITIL,ITIL-096,Built,Built on the record_predicate engine (health/itil/rules).,Tested on PDI,"techsnitchpvtltddemo2.service-now.com 2026-09-27 (non-customer instance, read-only): evaluated, verdict fail, 1 finding(s), population 55 services. No per-rule test or instance validation recorded."
ITIL,ITIL-097,Deferred,Configured on the linkage engine; unavailable by declaration: the platform records no the recovery characteristics of supporting CIs — the rule cannot be read from any instance as worded.,Not Tested,"techsnitchpvtltddemo2.service-now.com 2026-09-27 (non-customer instance, read-only): unavailable (undefined_dependency). No per-rule test or instance validation recorded."
ITIL,ITIL-098,Deferred,Configured on the temporal_correlation engine; unavailable by declaration: Business Continuity Management is not installed on the validation instance (no sn_bcm_* tables) — the rule runs where the product is in use.,Not Tested,"techsnitchpvtltddemo2.service-now.com 2026-09-27 (non-customer instance, read-only): unavailable (undefined_dependency). No per-rule test or instance validation recorded."
ITIL,ITIL-099,Deferred,Configured on the temporal_correlation engine; unavailable by declaration: Business Continuity Management is not installed on the validation instance (no sn_bcm_* tables) — the rule runs where the product is in use.,Not Tested,"techsnitchpvtltddemo2.service-now.com 2026-09-27 (non-customer instance, read-only): unavailable (undefined_dependency). No per-rule test or instance validation recorded."
ITIL,ITIL-100,Deferred,"Configured on the linkage engine; unavailable by declaration: Business Continuity Management is not installed on the validation instance (no continuity requirement is recorded on services, and no DR environment value on CIs (the environment choices are Development, Test, Production)) — the rule runs where the product is in use.",Not Tested,"techsnitchpvtltddemo2.service-now.com 2026-09-27 (non-customer instance, read-only): unavailable (undefined_dependency). No per-rule test or instance validation recorded."
ITIL,ITIL-101,Deferred,Configured on the configuration engine; unavailable by declaration: Business Continuity Management is not installed on the validation instance (no DR CI set is recorded) — the rule runs where the product is in use.,Not Tested,"techsnitchpvtltddemo2.service-now.com 2026-09-27 (non-customer instance, read-only): unavailable (undefined_dependency). No per-rule test or instance validation recorded."
ITIL,ITIL-102,Deferred,Configured on the linkage engine; unavailable by declaration: Business Continuity Management is not installed on the validation instance (no sn_bcm_* tables) — the rule runs where the product is in use.,Not Tested,"techsnitchpvtltddemo2.service-now.com 2026-09-27 (non-customer instance, read-only): unavailable (undefined_dependency). No per-rule test or instance validation recorded."
ITIL,ITIL-103,Deferred,Configured on the record_predicate engine; unavailable by declaration: Business Continuity Management is not installed on the validation instance (no sn_bcm_* tables) — the rule runs where the product is in use.,Not Tested,"techsnitchpvtltddemo2.service-now.com 2026-09-27 (non-customer instance, read-only): unavailable (undefined_dependency). No per-rule test or instance validation recorded."
ITIL,ITIL-104,Deferred,Configured on the record_predicate engine; unavailable by declaration: Business Continuity Management is not installed on the validation instance (no sn_bcm_* tables) — the rule runs where the product is in use.,Not Tested,"techsnitchpvtltddemo2.service-now.com 2026-09-27 (non-customer instance, read-only): unavailable (undefined_dependency). No per-rule test or instance validation recorded."
ITIL,ITIL-105,Deferred,Configured on the linkage engine; unavailable by declaration: which services have external (supplier) dependencies — the customer's to state.,Not Tested,"techsnitchpvtltddemo2.service-now.com 2026-09-27 (non-customer instance, read-only): unavailable (undefined_dependency). No per-rule test or instance validation recorded."
ITIL,ITIL-106,Built,Built on the linkage engine (health/itil/rules).,Tested on PDI,"techsnitchpvtltddemo2.service-now.com 2026-09-27 (non-customer instance, read-only): evaluated, verdict fail, 1 finding(s), population 161 active contracts. No per-rule test or instance validation recorded."
ITIL,ITIL-107,Deferred,Configured on the configuration engine; unavailable by declaration: the platform records no supplier performance measurements against contract terms — the rule cannot be read from any instance as worded.,Not Tested,"techsnitchpvtltddemo2.service-now.com 2026-09-27 (non-customer instance, read-only): unavailable (undefined_dependency). No per-rule test or instance validation recorded."
ITIL,ITIL-108,Deferred,Configured on the temporal_correlation engine; unavailable by declaration: the notice period before a contract's end (ast_contract records no notice date) — the supplied rule gives no number and ServiceNow publishes none.,Not Tested,"techsnitchpvtltddemo2.service-now.com 2026-09-27 (non-customer instance, read-only): unavailable (undefined_dependency). No per-rule test or instance validation recorded."
ITIL,ITIL-109,Deferred,"Configured on the linkage engine; unavailable by declaration: which close codes mean ""vendor-related"" — the customer's to state.",Not Tested,"techsnitchpvtltddemo2.service-now.com 2026-09-27 (non-customer instance, read-only): unavailable (undefined_dependency). No per-rule test or instance validation recorded."
ITIL,ITIL-110,Built,"The same condition as PLT-134, evaluated there and counted once (D-019).",Not Tested,No per-rule test or instance validation recorded.
ITIL,ITIL-111,Built,"The same condition as PLT-153, evaluated there and counted once (D-019).",Not Tested,No per-rule test or instance validation recorded.
ITIL,ITIL-112,Deferred,Configured on the configuration engine; unavailable by declaration: the platform records no a recurring contract ↔ commitment reconciliation activity — the rule cannot be read from any instance as worded.,Not Tested,"techsnitchpvtltddemo2.service-now.com 2026-09-27 (non-customer instance, read-only): unavailable (undefined_dependency). No per-rule test or instance validation recorded."
ITIL,ITIL-113,Deferred,Configured on the aggregate engine; unavailable by declaration: the concentration of dependent services that counts as a risk — the supplied rule gives no number and ServiceNow publishes none.,Not Tested,"techsnitchpvtltddemo2.service-now.com 2026-09-27 (non-customer instance, read-only): unavailable (undefined_dependency). No per-rule test or instance validation recorded."
ITIL,ITIL-114,Deferred,Configured on the record_predicate engine; unavailable by declaration: the platform records no supplier exit or transition plans — the rule cannot be read from any instance as worded.,Not Tested,"techsnitchpvtltddemo2.service-now.com 2026-09-27 (non-customer instance, read-only): unavailable (undefined_dependency). No per-rule test or instance validation recorded."
ITIL,ITIL-115,Built,Built on the aggregate engine (health/itil/rules).,Not Tested,"techsnitchpvtltddemo2.service-now.com 2026-09-27 (non-customer instance, read-only): evaluated / inconclusive. No per-rule test or instance validation recorded."
ITIL,ITIL-116,Built,Built on the configuration engine (health/itil/rules).,Tested on PDI,"techsnitchpvtltddemo2.service-now.com 2026-09-27 (non-customer instance, read-only): evaluated, verdict fail, 1 finding(s), population 10 kb_use records. No per-rule test or instance validation recorded."
ITIL,ITIL-117,Deferred,Configured on the configuration engine; unavailable by declaration: which measurement is first contact resolution — the customer's to state.,Not Tested,"techsnitchpvtltddemo2.service-now.com 2026-09-27 (non-customer instance, read-only): unavailable (undefined_dependency). No per-rule test or instance validation recorded."
ITIL,ITIL-118,Deferred,Configured on the configuration engine; unavailable by declaration: the platform records no call or portal abandonment (telephony data) — the rule cannot be read from any instance as worded.,Not Tested,"techsnitchpvtltddemo2.service-now.com 2026-09-27 (non-customer instance, read-only): unavailable (undefined_dependency). No per-rule test or instance validation recorded."
ITIL,ITIL-119,Deferred,Configured on the configuration engine; unavailable by declaration: which service record is the service desk — the customer's to state.,Not Tested,"techsnitchpvtltddemo2.service-now.com 2026-09-27 (non-customer instance, read-only): unavailable (undefined_dependency). No per-rule test or instance validation recorded."
ITIL,ITIL-120,Built,Built on the configuration engine (health/itil/rules).,Not Tested,"techsnitchpvtltddemo2.service-now.com 2026-09-27 (non-customer instance, read-only): evaluated / inconclusive. No per-rule test or instance validation recorded."
ITIL,ITIL-121,Deferred,Configured on the configuration engine; unavailable by declaration: the platform records no agent workload against capacity (Advanced Work Assignment capacity is not in use) — the rule cannot be read from any instance as worded.,Not Tested,"techsnitchpvtltddemo2.service-now.com 2026-09-27 (non-customer instance, read-only): unavailable (undefined_dependency). No per-rule test or instance validation recorded."
ITIL,ITIL-122,Deferred,Configured on the aggregate engine; unavailable by declaration: the confidence margin a survey must reach to support inference — the supplied rule gives no number and ServiceNow publishes none.,Not Tested,"techsnitchpvtltddemo2.service-now.com 2026-09-27 (non-customer instance, read-only): unavailable (undefined_dependency). No per-rule test or instance validation recorded."
ITIL,ITIL-123,Deferred,Configured on the configuration engine; unavailable by declaration: the platform records no tier or queue type in reporting — the rule cannot be read from any instance as worded.,Not Tested,"techsnitchpvtltddemo2.service-now.com 2026-09-27 (non-customer instance, read-only): unavailable (undefined_dependency). No per-rule test or instance validation recorded."
ITIL,ITIL-124,Built,"The same condition as ITSM-046, evaluated there and counted once (D-019).",Not Tested,No per-rule test or instance validation recorded.
ITIL,ITIL-125,Deferred,"Configured on the configuration engine; unavailable by declaration: which life cycle stages are the portfolio's ""pipeline"" and ""retired"" stages — the customer's to state.",Not Tested,"techsnitchpvtltddemo2.service-now.com 2026-09-27 (non-customer instance, read-only): unavailable (undefined_dependency). No per-rule test or instance validation recorded."
ITIL,ITIL-126,Built,Built on the configuration engine (health/itil/rules).,Tested on PDI,"techsnitchpvtltddemo2.service-now.com 2026-09-27 (non-customer instance, read-only): evaluated, verdict fail, 1 finding(s), population 94 change_request records. No per-rule test or instance validation recorded."
ITIL,ITIL-127,Built,Built on the record_predicate engine (health/itil/rules).,Not Tested,"techsnitchpvtltddemo2.service-now.com 2026-09-27 (non-customer instance, read-only): evaluated / inconclusive. No per-rule test or instance validation recorded."
ITIL,ITIL-128,Built,Built on the linkage engine (health/itil/rules).,Tested on PDI,"techsnitchpvtltddemo2.service-now.com 2026-09-27 (non-customer instance, read-only): evaluated, verdict fail, 1 finding(s), population 24 operational services. No per-rule test or instance validation recorded."
ITIL,ITIL-129,Deferred,Configured on the configuration engine; unavailable by declaration: whether a chargeback or showback model is in use — the customer's to state.,Not Tested,"techsnitchpvtltddemo2.service-now.com 2026-09-27 (non-customer instance, read-only): unavailable (undefined_dependency). No per-rule test or instance validation recorded."
ITIL,ITIL-130,Deferred,Configured on the configuration engine; unavailable by declaration: the platform records no a budget linked to a service record — the rule cannot be read from any instance as worded.,Not Tested,"techsnitchpvtltddemo2.service-now.com 2026-09-27 (non-customer instance, read-only): unavailable (undefined_dependency). No per-rule test or instance validation recorded."
ITIL,ITIL-131,Built,Built on the linkage engine (health/itil/rules).,Not Tested,"techsnitchpvtltddemo2.service-now.com 2026-09-27 (non-customer instance, read-only): evaluated / inconclusive. No per-rule test or instance validation recorded."
ITIL,ITIL-132,Built,Built on the record_predicate engine (health/itil/rules).,Not Tested,"techsnitchpvtltddemo2.service-now.com 2026-09-27 (non-customer instance, read-only): evaluated / inconclusive. No per-rule test or instance validation recorded."
ITIL,ITIL-133,Deferred,Configured on the temporal_correlation engine; unavailable by declaration: the platform records no the performance data a portfolio decision referenced — the rule cannot be read from any instance as worded.,Not Tested,"techsnitchpvtltddemo2.service-now.com 2026-09-27 (non-customer instance, read-only): unavailable (undefined_dependency). No per-rule test or instance validation recorded."
ITIL,ITIL-134,Built,Built on the configuration engine (health/itil/rules).,Tested on PDI,"techsnitchpvtltddemo2.service-now.com 2026-09-27 (non-customer instance, read-only): evaluated, verdict fail, 1 finding(s), population 1 presence check. No per-rule test or instance validation recorded."
ITIL,ITIL-135,Deferred,Configured on the configuration engine; unavailable by declaration: Continual Improvement Management is not installed on the validation instance (no improvement register) — the rule runs where the product is in use.,Not Tested,"techsnitchpvtltddemo2.service-now.com 2026-09-27 (non-customer instance, read-only): unavailable (undefined_dependency). No per-rule test or instance validation recorded."
ITIL,ITIL-136,Deferred,Configured on the configuration engine; unavailable by declaration: Continual Improvement Management is not installed on the validation instance (no improvement register) — the rule runs where the product is in use.,Not Tested,"techsnitchpvtltddemo2.service-now.com 2026-09-27 (non-customer instance, read-only): unavailable (undefined_dependency). No per-rule test or instance validation recorded."
ITIL,ITIL-137,Deferred,Configured on the configuration engine; unavailable by declaration: Continual Improvement Management is not installed on the validation instance (no improvement register) — the rule runs where the product is in use.,Not Tested,"techsnitchpvtltddemo2.service-now.com 2026-09-27 (non-customer instance, read-only): unavailable (undefined_dependency). No per-rule test or instance validation recorded."
ITIL,ITIL-138,Deferred,Configured on the configuration engine; unavailable by declaration: Continual Improvement Management is not installed on the validation instance (no improvement register) — the rule runs where the product is in use.,Not Tested,"techsnitchpvtltddemo2.service-now.com 2026-09-27 (non-customer instance, read-only): unavailable (undefined_dependency). No per-rule test or instance validation recorded."
ITIL,ITIL-139,Deferred,Configured on the configuration engine; unavailable by declaration: Continual Improvement Management is not installed on the validation instance (no improvement register) — the rule runs where the product is in use.,Not Tested,"techsnitchpvtltddemo2.service-now.com 2026-09-27 (non-customer instance, read-only): unavailable (undefined_dependency). No per-rule test or instance validation recorded."
ITIL,ITIL-140,Deferred,Configured on the configuration engine; unavailable by declaration: Continual Improvement Management is not installed on the validation instance (no improvement register) — the rule runs where the product is in use.,Not Tested,"techsnitchpvtltddemo2.service-now.com 2026-09-27 (non-customer instance, read-only): unavailable (undefined_dependency). No per-rule test or instance validation recorded."
ITIL,ITIL-141,Deferred,Configured on the configuration engine; unavailable by declaration: Continual Improvement Management is not installed on the validation instance (no improvement register) — the rule runs where the product is in use.,Not Tested,"techsnitchpvtltddemo2.service-now.com 2026-09-27 (non-customer instance, read-only): unavailable (undefined_dependency). No per-rule test or instance validation recorded."
ITIL,ITIL-142,Deferred,Configured on the configuration engine; unavailable by declaration: Continual Improvement Management is not installed on the validation instance (no improvement register) — the rule runs where the product is in use.,Not Tested,"techsnitchpvtltddemo2.service-now.com 2026-09-27 (non-customer instance, read-only): unavailable (undefined_dependency). No per-rule test or instance validation recorded."
ITIL,ITIL-143,Built,"The same condition as ITSM-129, evaluated there and counted once (D-019).",Not Tested,No per-rule test or instance validation recorded.
ITIL,ITIL-144,Built,"The same condition as ITOM-134, evaluated there and counted once (D-019).",Not Tested,No per-rule test or instance validation recorded.
ITIL,ITIL-145,Built,Built on the composite engine (health/itil/rules).,Not Tested,"techsnitchpvtltddemo2.service-now.com 2026-09-27 (non-customer instance, read-only): evaluated / inconclusive. No per-rule test or instance validation recorded."
ITIL,ITIL-146,Deferred,Configured on the composite engine; unavailable by declaration: the platform records no the recorded recovery characteristics of the infrastructure — the rule cannot be read from any instance as worded.,Not Tested,"techsnitchpvtltddemo2.service-now.com 2026-09-27 (non-customer instance, read-only): unavailable (undefined_dependency). No per-rule test or instance validation recorded."
ITIL,ITIL-147,Deferred,Configured on the null engine; unavailable by declaration: null.,Not Tested,No per-rule test or instance validation recorded.
ITIL,ITIL-148,Built,Built on the configuration engine (health/itil/rules).,Tested on PDI,"techsnitchpvtltddemo2.service-now.com 2026-09-27 (non-customer instance, read-only): evaluated, verdict fail, 1 finding(s), population 706 collected indicators. No per-rule test or instance validation recorded."
